"","Subject","Activity","tBodyAccelerationMeanXAxis","tBodyAccelerationMeanYAxis","tBodyAccelerationMeanZAxis","tBodyAccelerationSTDXAxis","tBodyAccelerationSTDYAxis","tBodyAccelerationSTDZAxis","tGravityAccelerationMeanXAxis","tGravityAccelerationMeanYAxis","tGravityAccelerationMeanZAxis","tGravityAccelerationSTDXAxis","tGravityAccelerationSTDYAxis","tGravityAccelerationSTDZAxis","tBodyAccelerationJerkMeanXAxis","tBodyAccelerationJerkMeanYAxis","tBodyAccelerationJerkMeanZAxis","tBodyAccelerationJerkSTDXAxis","tBodyAccelerationJerkSTDYAxis","tBodyAccelerationJerkSTDZAxis","tBodyGyroscopicMeanXAxis","tBodyGyroscopicMeanYAxis","tBodyGyroscopicMeanZAxis","tBodyGyroscopicSTDXAxis","tBodyGyroscopicSTDYAxis","tBodyGyroscopicSTDZAxis","tBodyGyroscopicJerkMeanXAxis","tBodyGyroscopicJerkMeanYAxis","tBodyGyroscopicJerkMeanZAxis","tBodyGyroscopicJerkSTDXAxis","tBodyGyroscopicJerkSTDYAxis","tBodyGyroscopicJerkSTDZAxis","tBodyAccelerationMagnitudeMean","tBodyAccelerationMagnitudeSTD","tGravityAccelerationMagnitudeMean","tGravityAccelerationMagnitudeSTD","tBodyAccelerationJerkMagnitudeMean","tBodyAccelerationJerkMagnitudeSTD","tBodyGyroscopicMagnitudeMean","tBodyGyroscopicMagnitudeSTD","tBodyGyroscopicJerkMagnitudeMean","tBodyGyroscopicJerkMagnitudeSTD","fBodyAccelerationMeanXAxis","fBodyAccelerationMeanYAxis","fBodyAccelerationMeanZAxis","fBodyAccelerationSTDXAxis","fBodyAccelerationSTDYAxis","fBodyAccelerationSTDZAxis","fBodyAccelerationJerkMeanXAxis","fBodyAccelerationJerkMeanYAxis","fBodyAccelerationJerkMeanZAxis","fBodyAccelerationJerkSTDXAxis","fBodyAccelerationJerkSTDYAxis","fBodyAccelerationJerkSTDZAxis","fBodyGyroscopicMeanXAxis","fBodyGyroscopicMeanYAxis","fBodyGyroscopicMeanZAxis","fBodyGyroscopicSTDXAxis","fBodyGyroscopicSTDYAxis","fBodyGyroscopicSTDZAxis","fBodyAccelerationMagnitudeMean","fBodyAccelerationMagnitudeSTD","fBodyBodyAccelerationJerkMagnitudeMean","fBodyBodyAccelerationJerkMagnitudeSTD","fBodyBodyGyroscopicMagnitudeMean","fBodyBodyGyroscopicMagnitudeSTD","fBodyBodyGyroscopicJerkMagnitudeMean","fBodyBodyGyroscopicJerkMagnitudeSTD"
"1",2,"WALKING",0.25717778,-0.02328523,-0.014653762,-0.938404,-0.92009078,-0.66768331,0.93648925,-0.28271916,0.11528825,-0.92542727,-0.93701413,-0.56428842,0.072046007,0.045754401,-0.10604266,-0.90668276,-0.93801639,-0.93593583,0.11997616,-0.091792335,0.18962854,-0.88308911,-0.8161636,-0.94088123,-0.20489621,-0.17448771,-0.09338934,-0.90122415,-0.91086005,-0.93925042,-0.86692938,-0.70519112,-0.86692938,-0.70519112,-0.92976655,-0.89599425,-0.79554393,-0.76207322,-0.92519489,-0.89434361,-0.91850969,-0.91821319,-0.78909145,-0.94829035,-0.92513687,-0.63631674,-0.89963316,-0.937485,-0.9235514,-0.92442913,-0.94321038,-0.94789152,-0.82355788,-0.80791598,-0.91791256,-0.90326274,-0.822677,-0.95616508,-0.79094643,-0.711074,-0.89506118,-0.89635958,-0.77061,-0.79711285,-0.89016545,-0.90730756
"2",2,"WALKING",0.28602671,-0.013163359,-0.11908252,-0.97541469,-0.9674579,-0.94495817,0.92740359,-0.28921515,0.15256831,-0.98905711,-0.9838872,-0.96478113,0.070180689,-0.017876016,-0.0017206291,-0.94920395,-0.97269891,-0.9777267,-0.0015524629,-0.18729119,0.18070522,-0.92556647,-0.9295992,-0.96758097,-0.13866849,-0.025802071,-0.071418405,-0.96230415,-0.95628941,-0.98134077,-0.96896136,-0.95390243,-0.96896136,-0.95390243,-0.97371675,-0.94100781,-0.89843314,-0.91085833,-0.97339341,-0.94409,-0.96090303,-0.96443332,-0.95667485,-0.98434996,-0.97017476,-0.94186191,-0.94351902,-0.96916232,-0.97344886,-0.9616312,-0.98002631,-0.9807873,-0.92251305,-0.92649565,-0.96822947,-0.92705058,-0.93201069,-0.97014338,-0.95412665,-0.95974581,-0.94543723,-0.934152,-0.92446082,-0.91677415,-0.95197735,-0.93821243
"3",2,"WALKING",0.27548482,-0.02605042,-0.11815167,-0.99381904,-0.96992551,-0.96274798,0.92991503,-0.28751284,0.14608559,-0.9959365,-0.98825055,-0.98157964,0.069367784,-0.0049081456,-0.013672983,-0.9910699,-0.97140413,-0.97286744,-0.048212671,-0.16627974,0.15417437,-0.97298823,-0.97851062,-0.97564834,-0.097809669,-0.034213274,-0.060028399,-0.98416694,-0.98793987,-0.97618761,-0.97622817,-0.97908345,-0.97622817,-0.97908345,-0.98161775,-0.97137104,-0.93919355,-0.97177627,-0.98674805,-0.98440146,-0.99190627,-0.96503362,-0.96689961,-0.99475367,-0.97369585,-0.96228657,-0.99102948,-0.97336887,-0.97170298,-0.99191217,-0.97098573,-0.97232221,-0.9728456,-0.98083326,-0.97206022,-0.97319788,-0.97719446,-0.97909527,-0.97564966,-0.98378426,-0.97106896,-0.97030784,-0.97520949,-0.97399836,-0.98568879,-0.98327268
"4",2,"WALKING",0.27029822,-0.032613869,-0.11752018,-0.99474279,-0.97326761,-0.96709068,0.92888137,-0.29339576,0.14292592,-0.99313918,-0.97041923,-0.99159167,0.074852891,0.032274322,0.012141275,-0.99080161,-0.97289567,-0.97592527,-0.056641577,-0.12601846,0.11833718,-0.96779046,-0.9751338,-0.9632327,-0.10223178,-0.044713461,-0.053436499,-0.98417089,-0.98955423,-0.98072396,-0.9743245,-0.97701589,-0.9743245,-0.97701589,-0.98271214,-0.97480746,-0.94718438,-0.97036824,-0.98882036,-0.9855681,-0.99302982,-0.9682839,-0.96691156,-0.99559355,-0.97691756,-0.96895787,-0.99053617,-0.97245255,-0.97033741,-0.99195996,-0.97543408,-0.98062113,-0.97150165,-0.98134496,-0.96670552,-0.96718562,-0.97190942,-0.96527548,-0.97339313,-0.98211956,-0.97165451,-0.97848438,-0.97629733,-0.97124817,-0.98556187,-0.98584291
"5",2,"WALKING",0.27483295,-0.027847788,-0.12952716,-0.99385248,-0.96744548,-0.97829499,0.92659966,-0.30296094,0.13830674,-0.99557462,-0.97096035,-0.96808532,0.078376795,0.022276764,0.0027484994,-0.99207239,-0.97867004,-0.98661202,-0.059992128,-0.08472343,0.078659262,-0.97465605,-0.97795105,-0.96762872,-0.091849944,-0.029005022,-0.061235354,-0.98847382,-0.99187728,-0.9819836,-0.97583556,-0.97689339,-0.97583556,-0.97689339,-0.98690794,-0.98885394,-0.95741922,-0.96949953,-0.99006205,-0.99041891,-0.99240425,-0.96920715,-0.97965265,-0.99450372,-0.96746811,-0.97823994,-0.99148001,-0.97983461,-0.98349302,-0.99357091,-0.97869657,-0.98850332,-0.97640453,-0.98040426,-0.96878202,-0.97439786,-0.9765654,-0.97001655,-0.97773896,-0.9788381,-0.98748876,-0.98971596,-0.97700701,-0.96961934,-0.99049804,-0.99057193
"6",2,"WALKING",0.27921995,-0.018620399,-0.11390197,-0.99445523,-0.97041688,-0.96531629,0.92566317,-0.30893973,0.1305608,-0.99884225,-0.99073872,-0.97123186,0.075980393,0.017519217,0.0082080614,-0.99383436,-0.97910289,-0.98760636,-0.039697949,-0.066828493,0.070547316,-0.97987841,-0.97646279,-0.96346168,-0.092739553,-0.032138215,-0.072575489,-0.98941668,-0.98949396,-0.97777944,-0.98171632,-0.97770393,-0.98171632,-0.97770393,-0.98733569,-0.99199699,-0.96974417,-0.97329472,-0.9878482,-0.98904283,-0.99384268,-0.97072928,-0.97557712,-0.99464709,-0.97101596,-0.96144375,-0.99377593,-0.97898448,-0.98609861,-0.99445136,-0.98075853,-0.98755691,-0.97970341,-0.98052611,-0.96020643,-0.98001461,-0.97424691,-0.96781629,-0.9780025,-0.97987556,-0.99129465,-0.99174398,-0.97703453,-0.97505133,-0.98873265,-0.98980498
"7",2,"WALKING",0.27974586,-0.018271026,-0.10399988,-0.99581919,-0.97635361,-0.97772468,0.92613663,-0.30956386,0.12856658,-0.9974362,-0.99656801,-0.98820362,0.074134632,-0.0003745209,-0.0073042715,-0.99422833,-0.98407463,-0.98777624,-0.03287449,-0.065186851,0.080700108,-0.98963172,-0.9838623,-0.97276516,-0.097085158,-0.045577053,-0.05067998,-0.99029738,-0.99241296,-0.98408092,-0.987652,-0.98527343,-0.987652,-0.98527343,-0.98932893,-0.99233376,-0.98233263,-0.98001093,-0.99111713,-0.99178348,-0.99537972,-0.97555993,-0.98107144,-0.99594218,-0.97718677,-0.97650662,-0.99483891,-0.98425968,-0.98671314,-0.99398294,-0.98495936,-0.9872289,-0.9868077,-0.98654614,-0.97459428,-0.99046595,-0.98233966,-0.97445871,-0.98419804,-0.98728087,-0.99085558,-0.99362737,-0.98385918,-0.98058137,-0.99174622,-0.99199079
"8",2,"WALKING",0.27460055,-0.02503513,-0.11683085,-0.99559442,-0.98206892,-0.98526237,0.92658621,-0.3107735,0.12958012,-0.99739076,-0.98755709,-0.98979864,0.076194451,-0.0037109707,0.005193806,-0.9947049,-0.98932695,-0.99154634,-0.028869854,-0.068346001,0.087116675,-0.99434551,-0.99243952,-0.98984746,-0.095570872,-0.045698485,-0.043546352,-0.99173311,-0.99664469,-0.99363268,-0.98693665,-0.99075599,-0.98693665,-0.99075599,-0.99314688,-0.99407416,-0.99274936,-0.99178744,-0.99557708,-0.99592397,-0.99517743,-0.98208507,-0.98707442,-0.99570067,-0.98207814,-0.9843464,-0.99441341,-0.98931394,-0.98945989,-0.99555608,-0.99009955,-0.99229145,-0.99201423,-0.99322434,-0.98579928,-0.99507937,-0.99190954,-0.99252828,-0.99134903,-0.9907674,-0.99398366,-0.99279257,-0.99093371,-0.99388069,-0.99578803,-0.99599965
"9",2,"WALKING",0.27252874,-0.020954013,-0.11447249,-0.99678413,-0.97590627,-0.98659699,0.92555526,-0.31573741,0.12642607,-0.99514632,-0.98097747,-0.98127764,0.079175213,0.025020978,0.0020811765,-0.99554308,-0.99025204,-0.99328658,-0.024364328,-0.066695221,0.077032498,-0.99678549,-0.99530106,-0.99298656,-0.097698066,-0.037798123,-0.06105549,-0.99447485,-0.99720446,-0.99728901,-0.98844633,-0.9916242,-0.98844633,-0.9916242,-0.99389244,-0.99733962,-0.99373292,-0.99531712,-0.99734041,-0.99752463,-0.99647166,-0.9800731,-0.99040235,-0.99685732,-0.97423105,-0.98439586,-0.99622392,-0.99009836,-0.9929513,-0.99509637,-0.99115471,-0.99199541,-0.99480877,-0.99573837,-0.99304645,-0.99749001,-0.99496121,-0.99347137,-0.99355556,-0.9906142,-0.99740725,-0.99584704,-0.99587319,-0.99551314,-0.9973984,-0.99751892
"10",2,"WALKING",0.2757457,-0.010371994,-0.09977589,-0.99837313,-0.98693291,-0.9910219,0.92417336,-0.3175966,0.1245839,-0.99800172,-0.98939331,-0.99196835,0.077145726,0.018711721,0.011466155,-0.99636877,-0.99148028,-0.99279344,-0.022462359,-0.068363863,0.076694399,-0.99639305,-0.99343897,-0.99089631,-0.10162951,-0.041681809,-0.049140975,-0.99556353,-0.99590663,-0.99443854,-0.99135299,-0.99320918,-0.99135299,-0.99320918,-0.99393494,-0.99870789,-0.99146645,-0.99580913,-0.99612756,-0.99741842,-0.99731998,-0.98683408,-0.99128545,-0.99900639,-0.98669452,-0.99064255,-0.99590468,-0.9907058,-0.99201704,-0.9973335,-0.99321584,-0.99198951,-0.99435441,-0.99381065,-0.98994957,-0.9970974,-0.99315328,-0.99197583,-0.99369338,-0.99294329,-0.99834875,-0.99807267,-0.99589683,-0.99632481,-0.9973455,-0.99730116
"11",2,"WALKING",0.27859589,-0.015231928,-0.098908415,-0.99878507,-0.98194306,-0.99137882,0.92371888,-0.31398567,0.12787786,-0.99896777,-0.98598299,-0.98116601,0.073410891,0.0048205158,0.0055513158,-0.99667303,-0.98624441,-0.99071275,-0.025346783,-0.074217186,0.087760115,-0.99446328,-0.99282756,-0.99050543,-0.09760717,-0.043922229,-0.049796101,-0.99430186,-0.99498126,-0.99363215,-0.99200078,-0.99367767,-0.99200078,-0.99367767,-0.99248401,-0.99338931,-0.99262929,-0.99443845,-0.99501892,-0.99693534,-0.99826331,-0.98394109,-0.99048651,-0.99906652,-0.98092551,-0.99180335,-0.99670546,-0.98626158,-0.98849434,-0.99691631,-0.98719871,-0.9915971,-0.99303641,-0.99298218,-0.98963531,-0.99485695,-0.99268503,-0.99158402,-0.99370298,-0.99370311,-0.99227779,-0.9939467,-0.99416628,-0.99552528,-0.99650487,-0.99749031
"12",2,"WALKING",0.27915178,-0.021879444,-0.10973077,-0.99778103,-0.99295121,-0.98568028,0.92403746,-0.31295562,0.1314731,-0.99837133,-0.99227971,-0.99206883,0.073495012,0.01105182,-0.01853629,-0.99404984,-0.98465144,-0.98674551,-0.029174831,-0.079426371,0.092674028,-0.99579842,-0.99382668,-0.99431145,-0.095793768,-0.038043778,-0.056942414,-0.99350021,-0.99529245,-0.99551391,-0.99317478,-0.99518342,-0.99317478,-0.99518342,-0.98917652,-0.99115044,-0.99425402,-0.9951991,-0.9954186,-0.99696993,-0.99635482,-0.98981458,-0.98430519,-0.99864331,-0.99431655,-0.98689355,-0.9938092,-0.98572742,-0.98549705,-0.99489149,-0.98435234,-0.9863919,-0.99346021,-0.99362734,-0.99400498,-0.99660277,-0.9939159,-0.99484074,-0.99400006,-0.99601109,-0.98988419,-0.99192121,-0.99495697,-0.99613329,-0.99659475,-0.997454
"13",2,"WALKING",0.27454383,-0.023145294,-0.1125396,-0.99620456,-0.9915728,-0.98751828,0.92445923,-0.31568266,0.13103466,-0.9992491,-0.99095888,-0.98946132,0.076245658,0.0061658182,-0.0034026214,-0.99195764,-0.9882498,-0.98820739,-0.02794305,-0.07935183,0.096964901,-0.99489468,-0.9947356,-0.9963317,-0.097721303,-0.039609772,-0.051964221,-0.9930048,-0.99560214,-0.99580877,-0.99209849,-0.99412726,-0.99209849,-0.99412726,-0.9894526,-0.99451471,-0.99394477,-0.99576249,-0.99543688,-0.99728357,-0.99479144,-0.98861809,-0.98770144,-0.99693516,-0.99286441,-0.98747911,-0.99216963,-0.98856035,-0.98644174,-0.99240047,-0.98866439,-0.98846739,-0.99244084,-0.9945768,-0.99525125,-0.99570116,-0.99479355,-0.99709103,-0.99262272,-0.99530622,-0.99330914,-0.99541989,-0.99546295,-0.99666227,-0.99676286,-0.99807903
"14",2,"WALKING",0.26906631,-0.027685967,-0.11017794,-0.9968836,-0.9864395,-0.9884791,0.92317418,-0.31981835,0.12898325,-0.99281837,-0.98326068,-0.99353816,0.079173934,0.018495729,0.018553835,-0.99361731,-0.98564396,-0.99061427,-0.026941731,-0.068240615,0.089771735,-0.99388537,-0.98820559,-0.98344383,-0.10142743,-0.038160122,-0.058543152,-0.99293553,-0.99434929,-0.99290875,-0.98880473,-0.98770276,-0.98880473,-0.98770276,-0.99092702,-0.99385728,-0.98944095,-0.98687805,-0.99441044,-0.99553145,-0.99571171,-0.98442061,-0.98669651,-0.99749113,-0.98737963,-0.98979083,-0.99351603,-0.98401132,-0.98826057,-0.99430987,-0.98909532,-0.99166802,-0.99221021,-0.98992876,-0.98512453,-0.9943601,-0.98717522,-0.98420817,-0.98863354,-0.98793678,-0.99419527,-0.99185806,-0.98880945,-0.98753556,-0.99535264,-0.99569128
"15",2,"WALKING",0.27557925,-0.018936424,-0.097409776,-0.99606469,-0.96822549,-0.98069598,0.92036099,-0.32552855,0.12910023,-0.99243056,-0.98164027,-0.99003989,0.075745215,0.031020344,0.015751456,-0.99417651,-0.98532987,-0.991535,-0.026364477,-0.064583159,0.073449259,-0.99254536,-0.98826303,-0.98518426,-0.10010014,-0.039292409,-0.060488259,-0.99249168,-0.99386369,-0.99377681,-0.98345554,-0.98813206,-0.98345554,-0.98813206,-0.99209801,-0.99224337,-0.98770443,-0.98767351,-0.99443167,-0.99463809,-0.99606425,-0.97359746,-0.98332034,-0.99595662,-0.96645863,-0.97965915,-0.99513688,-0.98499726,-0.98902474,-0.99354233,-0.98683492,-0.99283303,-0.99018207,-0.98942265,-0.98591136,-0.99324917,-0.98754431,-0.9861154,-0.98738595,-0.98950494,-0.99335409,-0.98898022,-0.98960102,-0.98819675,-0.99432072,-0.99513932
"16",2,"WALKING",0.28193083,-0.004880615,-0.086106145,-0.98907559,-0.95900626,-0.97302388,0.91979943,-0.32576314,0.13401665,-0.99519236,-0.98160614,-0.96913566,0.065217218,-0.010943663,-0.025885472,-0.97944868,-0.96940183,-0.98769745,-0.076452794,-0.015582021,0.025521434,-0.84566376,-0.91612436,-0.91722556,-0.19787079,-0.025032953,-0.059846977,-0.96508293,-0.98444407,-0.97313161,-0.97177018,-0.96608028,-0.97177018,-0.96608028,-0.98444335,-0.97153546,-0.92345144,-0.72226181,-0.98575128,-0.96661468,-0.98320133,-0.95675185,-0.97471273,-0.99250983,-0.96178818,-0.97319102,-0.98020184,-0.96735551,-0.98362993,-0.9803966,-0.97451808,-0.99094372,-0.82265638,-0.94607132,-0.9348623,-0.85325262,-0.90235584,-0.91943187,-0.97084205,-0.96746788,-0.97648381,-0.963856,-0.80914,-0.71810731,-0.97267088,-0.96151741
"17",2,"WALKING",0.31107792,-0.019430625,-0.10186634,-0.9366878,-0.84018585,-0.81682639,0.87581327,-0.42668132,0.038234377,-0.86986537,-0.8714715,-0.82092428,0.037478233,-0.066680016,-0.10814524,-0.97516521,-0.95570343,-0.98472427,0.00099342639,-0.11268679,-0.0037551694,-0.97841972,-0.97751116,-0.9574625,-0.087205988,-0.042719445,-0.04751798,-0.98427753,-0.98620017,-0.9739398,-0.89114826,-0.84259528,-0.89114826,-0.84259528,-0.97436577,-0.96989694,-0.94244588,-0.96165032,-0.98494221,-0.98392743,-0.94551956,-0.88363239,-0.88166597,-0.9332142,-0.82986443,-0.79929807,-0.97485024,-0.95676044,-0.98268615,-0.97779947,-0.95752624,-0.9852408,-0.97243376,-0.98011598,-0.9565205,-0.98025409,-0.9760463,-0.96150159,-0.86204866,-0.85576029,-0.97087879,-0.96707393,-0.97596859,-0.95954574,-0.98468873,-0.98347904
"18",2,"WALKING",0.26232825,-0.023257054,-0.12552494,-0.98456111,-0.91337982,-0.91267279,0.88997692,-0.42265611,0.044050888,-0.97024526,-0.9456811,-0.91993724,0.084069165,0.064999597,0.048234989,-0.98880708,-0.97822827,-0.9883445,-0.0061088604,-0.08363601,0.034434823,-0.98668458,-0.98896619,-0.97230704,-0.10448123,-0.035397886,-0.039153959,-0.99211655,-0.99280176,-0.99043873,-0.94390252,-0.93970043,-0.94390252,-0.93970043,-0.9860497,-0.98926886,-0.96709063,-0.97232791,-0.99263654,-0.99471661,-0.98654788,-0.92924887,-0.94633946,-0.98357495,-0.91017475,-0.90221327,-0.98941257,-0.97834691,-0.98577613,-0.98906648,-0.97962797,-0.98959184,-0.98508824,-0.98913607,-0.97358459,-0.98713526,-0.9888398,-0.97422376,-0.96053843,-0.93797575,-0.98831696,-0.98931829,-0.9812298,-0.97131141,-0.9942263,-0.99537261
"19",2,"WALKING",0.28841575,-0.003485395,-0.083827858,-0.99457065,-0.97835984,-0.97994262,0.88529186,-0.42609871,0.038517398,-0.98971312,-0.97043824,-0.95956976,0.079803783,0.014624073,-0.0045173884,-0.99168826,-0.98327871,-0.99208358,-0.019768993,-0.079931119,0.077789083,-0.9883864,-0.99057798,-0.98068603,-0.10348036,-0.041431124,-0.046259069,-0.99359924,-0.99292775,-0.98920053,-0.97506523,-0.97474348,-0.97506523,-0.97474348,-0.99096838,-0.9911234,-0.98433291,-0.98766424,-0.99275342,-0.99496513,-0.99267369,-0.97977967,-0.98759141,-0.99553177,-0.97786162,-0.9762713,-0.99122166,-0.9826427,-0.99116022,-0.99304259,-0.98535646,-0.9914358,-0.98710948,-0.99044019,-0.97982749,-0.98873327,-0.99064283,-0.98260428,-0.98357957,-0.97284557,-0.99027752,-0.99109654,-0.99049256,-0.98760355,-0.99448466,-0.99573512
"20",2,"WALKING",0.27116593,-0.025972908,-0.094923481,-0.97012403,-0.90187818,-0.9652996,0.88868488,-0.41889767,0.046875908,-0.98890631,-0.98323615,-0.97134623,0.058055977,-0.024006991,-0.031103821,-0.95251521,-0.93148972,-0.97959714,-0.026489988,-0.086821561,0.12018605,-0.95170794,-0.96834668,-0.94386544,-0.1109612,-0.057722741,-0.039061843,-0.94984523,-0.97602371,-0.95500434,-0.95883076,-0.92293487,-0.95883076,-0.92293487,-0.96404005,-0.93386755,-0.95847553,-0.92509765,-0.97088597,-0.95995921,-0.95935318,-0.9008582,-0.96839921,-0.97563293,-0.90761105,-0.96524359,-0.95448426,-0.930852,-0.97577418,-0.95454897,-0.93728902,-0.98214495,-0.9372461,-0.9658466,-0.9379497,-0.95624666,-0.97015055,-0.95097075,-0.93889729,-0.92558908,-0.9486251,-0.91616953,-0.94747945,-0.92406528,-0.9682135,-0.9529879
"21",2,"WALKING",0.25309467,-0.044192268,-0.13929762,-0.96892213,-0.9103836,-0.91886033,0.88639445,-0.42463213,0.049435445,-0.97642372,-0.94935411,-0.98430715,0.069933008,-0.0029778293,-0.0087410564,-0.94378163,-0.92890125,-0.96683346,-0.025536965,-0.11232642,0.12869787,-0.94013604,-0.9574808,-0.93900763,-0.10432095,-0.027930448,-0.069738881,-0.94481275,-0.96642179,-0.93835316,-0.9254881,-0.93678778,-0.9254881,-0.93678778,-0.95100947,-0.93406878,-0.9350631,-0.93730316,-0.95872291,-0.95653005,-0.95800959,-0.91284737,-0.94305323,-0.9744658,-0.91369708,-0.91183774,-0.94744038,-0.92929704,-0.96320915,-0.94476876,-0.93353671,-0.96888816,-0.92886803,-0.95693278,-0.92857984,-0.94369417,-0.95803225,-0.94835382,-0.937565,-0.9450127,-0.94052192,-0.92477757,-0.94531701,-0.94233863,-0.96366826,-0.95079236
"22",2,"WALKING",0.27133883,-0.029954058,-0.11859533,-0.96093148,-0.90503507,-0.87126958,0.8782922,-0.44115702,0.039357117,-0.97823679,-0.94589569,-0.93292764,0.10063345,0.061156235,0.028254346,-0.9110978,-0.90753609,-0.93324296,-0.031374775,-0.053952104,0.073211718,-0.95113006,-0.91043949,-0.91614341,-0.097805754,-0.018566344,-0.081625418,-0.93067604,-0.90816606,-0.90775388,-0.91671002,-0.93474524,-0.91671002,-0.93474524,-0.93070744,-0.87954362,-0.92330487,-0.90547784,-0.93362003,-0.88418956,-0.94008646,-0.88954707,-0.90114002,-0.97319827,-0.91953039,-0.86482459,-0.90958203,-0.9030731,-0.92189602,-0.92108271,-0.92041254,-0.94377726,-0.92800798,-0.89863943,-0.88978221,-0.95883868,-0.91917057,-0.93454571,-0.92074201,-0.95342129,-0.89671319,-0.85890056,-0.89294573,-0.93324624,-0.89482845,-0.87826277
"23",2,"WALKING",0.29926682,0.011798517,-0.031653276,-0.94875426,-0.84418244,-0.88070536,0.87638473,-0.44715997,0.039266249,-0.98946113,-0.97012703,-0.91379833,0.072036923,0.019867445,0.00019655927,-0.88857658,-0.86106469,-0.92702027,-0.035775411,-0.010620763,0.03852549,-0.95053621,-0.85592718,-0.74673048,-0.086341844,-0.043942122,-0.04379737,-0.91618991,-0.89101883,-0.73791892,-0.8866145,-0.85899127,-0.8866145,-0.85899127,-0.89156887,-0.88053321,-0.87094775,-0.7753274,-0.89403232,-0.82266518,-0.92600164,-0.84118481,-0.88913982,-0.96120153,-0.85473296,-0.88446849,-0.89059864,-0.85920021,-0.9110382,-0.89640782,-0.87364088,-0.94340129,-0.92821564,-0.84501826,-0.67759186,-0.95790749,-0.86407104,-0.79722974,-0.85460731,-0.88231245,-0.88026295,-0.87894298,-0.78746748,-0.80526513,-0.81999084,-0.83860362
"24",2,"WALKING",0.29389749,0.01115091,-0.069281198,-0.96241329,-0.86333992,-0.85995713,0.88282593,-0.43031319,0.066307063,-0.97763912,-0.91799566,-0.86717267,0.067964088,-0.0080134702,-0.02831438,-0.92750791,-0.89498259,-0.96125155,-0.031933568,-0.080878973,0.067888599,-0.95451242,-0.87379114,-0.75439235,-0.089551643,-0.055978262,-0.039311445,-0.94605528,-0.93661541,-0.75060083,-0.91424457,-0.84884008,-0.91424457,-0.84884008,-0.93379134,-0.90934307,-0.89507731,-0.7741979,-0.93389188,-0.84068516,-0.94789038,-0.86853152,-0.91512364,-0.97000008,-0.8682478,-0.8440588,-0.93020452,-0.89632312,-0.95727197,-0.93101079,-0.9008797,-0.96363442,-0.93822219,-0.88434909,-0.68299854,-0.95970247,-0.86844779,-0.80544976,-0.88238538,-0.85484132,-0.91905285,-0.89593722,-0.80571585,-0.79151224,-0.83178344,-0.86460754
"25",2,"WALKING",0.27563911,-0.015565524,-0.1254582,-0.98916068,-0.96851562,-0.96872274,0.88824855,-0.41368431,0.081629881,-0.99197651,-0.97603214,-0.969735,0.085393668,0.013232424,-0.015536821,-0.98039241,-0.97121581,-0.98048179,-0.033494339,-0.10529761,0.10193292,-0.96920737,-0.97220064,-0.96580084,-0.09617789,-0.044631724,-0.043954046,-0.98031888,-0.98318899,-0.97127637,-0.97639741,-0.98002125,-0.97639741,-0.98002125,-0.97752202,-0.98219111,-0.96121993,-0.97418936,-0.98156201,-0.98178573,-0.98365223,-0.96558983,-0.96942614,-0.99230894,-0.97111034,-0.96987614,-0.97766077,-0.96992179,-0.97727921,-0.98601668,-0.97508171,-0.98229033,-0.96995581,-0.97447368,-0.96152085,-0.96924784,-0.97094493,-0.97036052,-0.97599241,-0.98508439,-0.98055474,-0.98306156,-0.97769301,-0.97594928,-0.98069188,-0.98432463
"26",2,"WALKING",0.27225459,-0.025051205,-0.13318432,-0.99115349,-0.96354868,-0.97316133,0.88833105,-0.41194179,0.075492335,-0.99607584,-0.99233821,-0.96880022,0.07232242,-0.0040930707,0.0022683017,-0.98679902,-0.97633977,-0.98315362,-0.032800503,-0.090070366,0.11430315,-0.97998548,-0.98331456,-0.97736636,-0.098093802,-0.03135971,-0.051153105,-0.98633375,-0.98639137,-0.98506684,-0.97278247,-0.97340407,-0.97278247,-0.97340407,-0.98230467,-0.98736749,-0.97418211,-0.98141963,-0.98801891,-0.98567978,-0.98861582,-0.96663407,-0.97627432,-0.99236991,-0.96315009,-0.97245528,-0.98641512,-0.97693686,-0.98054747,-0.98847165,-0.97725064,-0.98430666,-0.97913434,-0.98077626,-0.97611518,-0.98029393,-0.98515793,-0.97972877,-0.9744553,-0.97575665,-0.98616213,-0.98789437,-0.9841708,-0.98245605,-0.98489458,-0.98743883
"27",2,"WALKING",0.27642711,-0.026277565,-0.12694133,-0.99298881,-0.96561954,-0.9657378,0.88653599,-0.41739217,0.065348552,-0.99497146,-0.97217475,-0.95317626,0.074509321,0.017702929,0.034901242,-0.99122791,-0.98334338,-0.99065479,-0.02498197,-0.070265151,0.092864514,-0.98470493,-0.98444181,-0.97051035,-0.10085785,-0.0402331,-0.070964995,-0.98876545,-0.99298212,-0.99171636,-0.97410189,-0.97369118,-0.97410189,-0.97369118,-0.98929212,-0.99316908,-0.97913622,-0.98335629,-0.99242066,-0.99343452,-0.99282776,-0.97257829,-0.97418822,-0.99293072,-0.96330923,-0.96271167,-0.9921867,-0.98208096,-0.98902257,-0.99086264,-0.98635276,-0.99081268,-0.98292601,-0.98663348,-0.97386344,-0.9852218,-0.98317441,-0.97192347,-0.97854756,-0.9738442,-0.99231488,-0.99316333,-0.9873502,-0.98329745,-0.99366355,-0.99315607
"28",2,"WALKING",0.28016952,-0.014362437,-0.10047145,-0.99359232,-0.9719031,-0.97793999,0.88595445,-0.42208281,0.05903586,-0.99566606,-0.9876842,-0.98105626,0.072727808,0.010693404,0.0035057619,-0.98996687,-0.98474713,-0.98931245,-0.023093566,-0.066467535,0.080856878,-0.98872228,-0.98688683,-0.97959066,-0.093747448,-0.040897472,-0.063732156,-0.99058671,-0.99430137,-0.99142034,-0.98424763,-0.98596967,-0.98424763,-0.98596967,-0.98869299,-0.99247748,-0.98438424,-0.98548723,-0.99339805,-0.99497909,-0.991768,-0.97863946,-0.98382913,-0.99446169,-0.96934037,-0.97529929,-0.98987604,-0.98369362,-0.98701525,-0.99096575,-0.98734666,-0.99024547,-0.9867391,-0.98940614,-0.98024967,-0.9892802,-0.98544675,-0.98105398,-0.986493,-0.98674105,-0.99070753,-0.99399011,-0.98792314,-0.98604296,-0.99455145,-0.99565783
"29",2,"WALKING",0.27746102,-0.01584543,-0.10639347,-0.99502745,-0.97159341,-0.97872472,0.88675759,-0.42075175,0.061267268,-0.99613717,-0.98906538,-0.98159227,0.076517346,0.010128253,-0.013201935,-0.98961731,-0.98141948,-0.9894596,-0.02648868,-0.074340759,0.082382273,-0.9901469,-0.99118254,-0.9850075,-0.10172432,-0.038908867,-0.051866697,-0.99147383,-0.99380568,-0.99351864,-0.9863763,-0.98543415,-0.9863763,-0.98543415,-0.98787803,-0.99101282,-0.98864889,-0.99072753,-0.99388532,-0.99488451,-0.99360857,-0.97619194,-0.98349138,-0.9957038,-0.96998062,-0.97662314,-0.9903802,-0.98112071,-0.9878848,-0.98961906,-0.98315624,-0.98952152,-0.98712175,-0.99138461,-0.98741471,-0.99105611,-0.99102057,-0.98539447,-0.98525593,-0.98677206,-0.99007226,-0.99098238,-0.99114474,-0.99184283,-0.9943382,-0.99576015
"30",2,"WALKING",0.28837469,-0.0085476599,-0.10705876,-0.99334035,-0.9619744,-0.98449309,0.88727114,-0.41949043,0.062138516,-0.99569824,-0.98992735,-0.99078944,0.079692861,0.021893719,0.019722732,-0.99297171,-0.98450842,-0.99185676,-0.02724897,-0.070042463,0.072089463,-0.99325049,-0.99242499,-0.98659587,-0.098589224,-0.041452921,-0.048265495,-0.99406273,-0.9946282,-0.99371752,-0.98114936,-0.98288288,-0.98114936,-0.98288288,-0.99070401,-0.99477924,-0.98950178,-0.99283727,-0.99509372,-0.99577314,-0.99305923,-0.97531313,-0.98802879,-0.99334268,-0.95736238,-0.9826124,-0.99163949,-0.98512245,-0.99031655,-0.99552724,-0.98480126,-0.99192643,-0.99172275,-0.99300989,-0.98819888,-0.9936682,-0.99201558,-0.9870972,-0.9884016,-0.98126903,-0.99446766,-0.99386613,-0.99334345,-0.99350915,-0.99505118,-0.99694719
"31",2,"WALKING",0.28590496,-0.0077447295,-0.10273652,-0.99188377,-0.96571091,-0.98415868,0.89033905,-0.41431632,0.063073539,-0.98596458,-0.97055933,-0.98387503,0.073692837,0.022299194,0.024172207,-0.99448244,-0.98340546,-0.99015863,-0.030446957,-0.069251086,0.084129975,-0.97846434,-0.98511749,-0.98276696,-0.13741057,-0.029849391,-0.038735438,-0.98464085,-0.99346953,-0.99098372,-0.98120081,-0.98298022,-0.98120081,-0.98298022,-0.99091628,-0.99143577,-0.98495044,-0.96738778,-0.99269469,-0.98906268,-0.99314892,-0.9760806,-0.98592627,-0.99118246,-0.96201887,-0.98335652,-0.99392541,-0.98397812,-0.98778377,-0.9957298,-0.98383158,-0.991224,-0.96317983,-0.98548682,-0.98725653,-0.98420307,-0.98489038,-0.98274147,-0.98657404,-0.98232817,-0.9902788,-0.99199851,-0.96671378,-0.97348827,-0.98829589,-0.99062868
"32",2,"WALKING",0.29648714,-0.014684879,-0.13980848,-0.98771367,-0.83424238,-0.94105035,0.95201324,-0.12719693,0.17324768,-0.97442821,-0.87785609,-0.9336702,0.074167624,-0.088429566,-0.00057513147,-0.98766148,-0.95062266,-0.98048751,-0.050171548,-0.073211502,0.1837903,-0.98222253,-0.95870792,-0.92994218,-0.092742071,-0.016699782,-0.11955963,-0.97836982,-0.98580596,-0.9740108,-0.92873856,-0.89838027,-0.92873856,-0.89838027,-0.97766739,-0.96574161,-0.94284864,-0.92860311,-0.98480912,-0.97945377,-0.98753271,-0.8594018,-0.96188356,-0.98763692,-0.83148234,-0.93410666,-0.98622758,-0.94453649,-0.97477076,-0.99073206,-0.96343171,-0.98561403,-0.974845,-0.96180088,-0.91597823,-0.98460294,-0.95706297,-0.94151623,-0.89882048,-0.91278824,-0.96443364,-0.96607792,-0.93493886,-0.93622448,-0.98173276,-0.9775839
"33",2,"WALKING",0.27723542,-0.025677001,-0.11843072,-0.99639048,-0.95268767,-0.96541011,0.95776214,-0.12120449,0.16651548,-0.99215769,-0.95481082,-0.94772651,0.074857362,0.031491585,0.0039751972,-0.99582259,-0.98541127,-0.99165507,-0.039016643,-0.060002794,0.12573995,-0.98842257,-0.99042251,-0.97940389,-0.091881126,-0.044009434,-0.058000018,-0.99410926,-0.99620321,-0.99132934,-0.97803564,-0.96122618,-0.97803564,-0.96122618,-0.99261266,-0.99290606,-0.97773598,-0.97714072,-0.99553914,-0.99584933,-0.99652123,-0.96836119,-0.97868043,-0.99621875,-0.94762416,-0.96017282,-0.99603991,-0.98620784,-0.98933917,-0.99590413,-0.98540437,-0.99269849,-0.98838196,-0.99180531,-0.9822712,-0.98842833,-0.98956589,-0.98015913,-0.97794345,-0.95814272,-0.9920428,-0.99299942,-0.98717791,-0.97499907,-0.99526723,-0.99675132
"34",2,"WALKING",0.2782907,-0.014536086,-0.10524253,-0.99678611,-0.98839324,-0.98950215,0.95789199,-0.12711834,0.16163958,-0.99692667,-0.99157732,-0.99292938,0.079741234,0.0054060827,-0.0048041466,-0.99516755,-0.99168063,-0.99135946,-0.026046816,-0.067562509,0.10043377,-0.99622773,-0.995977,-0.97976111,-0.093176759,-0.035040875,-0.075882607,-0.99541364,-0.99836639,-0.99464282,-0.99438865,-0.99413634,-0.99438865,-0.99413634,-0.99367703,-0.99497726,-0.99003935,-0.98957462,-0.99750587,-0.9979514,-0.99590613,-0.9888814,-0.98908778,-0.99719795,-0.98774016,-0.98972225,-0.99555241,-0.9919744,-0.99008349,-0.99510381,-0.99186773,-0.99110894,-0.99434969,-0.99616662,-0.97701877,-0.99684793,-0.99578993,-0.98250911,-0.99412375,-0.99408438,-0.9946893,-0.99400649,-0.99171515,-0.9896325,-0.99774691,-0.99809291
"35",2,"WALKING",0.27815992,-0.0076678258,-0.09927102,-0.99697493,-0.96211178,-0.987355,0.95792518,-0.12454962,0.16376124,-0.998006,-0.98845697,-0.9901987,0.07369633,0.0094546512,0.0058232317,-0.9950484,-0.98639555,-0.9912641,-0.022931403,-0.07347,0.078673144,-0.99632265,-0.9842731,-0.95701458,-0.097484223,-0.043075149,-0.056642047,-0.99567836,-0.99662006,-0.98807403,-0.98452293,-0.97430484,-0.98452293,-0.97430484,-0.99209242,-0.99408178,-0.98142234,-0.97133319,-0.99558278,-0.99481506,-0.99593464,-0.97582987,-0.98874515,-0.99749998,-0.95736278,-0.98653159,-0.99487962,-0.98722055,-0.99101005,-0.99570456,-0.98628303,-0.98986799,-0.99502067,-0.98965884,-0.97007429,-0.99670606,-0.98153076,-0.95702228,-0.98361921,-0.97224027,-0.99357323,-0.99353992,-0.98358715,-0.96894977,-0.99488497,-0.99465498
"36",2,"WALKING",0.27664638,-0.0049748937,-0.104754,-0.99726953,-0.96546147,-0.98114499,0.95832834,-0.11858919,0.16680067,-0.99939896,-0.97259765,-0.98544416,0.075933689,0.014606303,-0.0051785599,-0.99392769,-0.97607626,-0.99182512,-0.025679464,-0.079004412,0.083575679,-0.99393599,-0.98238404,-0.95464749,-0.10158671,-0.046062898,-0.025882513,-0.99040851,-0.99414667,-0.98506173,-0.98197129,-0.97653588,-0.98197129,-0.97653588,-0.98891135,-0.99043645,-0.9786125,-0.97314542,-0.99205801,-0.99310443,-0.99610705,-0.96857414,-0.98706746,-0.99789503,-0.96493071,-0.97824075,-0.99393513,-0.97480791,-0.98993092,-0.99445018,-0.97957803,-0.99232967,-0.99029546,-0.98548212,-0.95473188,-0.99522313,-0.98065277,-0.95858189,-0.98228846,-0.97579019,-0.98969985,-0.9901583,-0.98190869,-0.9720847,-0.9932283,-0.99297004
"37",2,"WALKING",0.27829493,-0.022664347,-0.11591945,-0.99724431,-0.96872118,-0.98613179,0.95832272,-0.11314063,0.16759019,-0.99952115,-0.9913736,-0.99196495,0.077460728,0.0038718084,-0.0099158808,-0.99287631,-0.97492111,-0.99132841,-0.025950876,-0.075040768,0.096736383,-0.99500391,-0.9837393,-0.97191748,-0.10026854,-0.035913252,-0.060497451,-0.99034158,-0.99328087,-0.98445627,-0.98594601,-0.98682484,-0.98594601,-0.98682484,-0.98786737,-0.99004233,-0.98336311,-0.98402764,-0.99116242,-0.99358288,-0.99588013,-0.97162389,-0.98593286,-0.99801127,-0.96808848,-0.9864657,-0.99271793,-0.97489442,-0.9882201,-0.99371017,-0.97675511,-0.99343261,-0.99238882,-0.98669587,-0.97310106,-0.9958868,-0.9820791,-0.97390273,-0.98545244,-0.98886268,-0.9885371,-0.99124852,-0.98767771,-0.9840637,-0.99318062,-0.99428905
"38",2,"WALKING",0.27505303,-0.024059404,-0.10589705,-0.99525842,-0.97190867,-0.98360641,0.95841903,-0.1158856,0.1660208,-0.99888949,-0.98042137,-0.99596864,0.074694506,0.01564664,0.013952444,-0.99061035,-0.98198548,-0.99141782,-0.025511187,-0.071503399,0.091317208,-0.99623625,-0.98402467,-0.97392163,-0.097799765,-0.041339249,-0.061549315,-0.99416578,-0.99433016,-0.98593569,-0.98590459,-0.98664528,-0.98590459,-0.98664528,-0.98944283,-0.99158858,-0.98495388,-0.98409151,-0.99301191,-0.9946828,-0.99342611,-0.97558322,-0.98426827,-0.99621617,-0.97070587,-0.98356415,-0.99073306,-0.9816001,-0.98866345,-0.99128756,-0.98380222,-0.99303145,-0.99429866,-0.98894119,-0.97352082,-0.99688494,-0.98146948,-0.97627638,-0.98693338,-0.98747473,-0.9897813,-0.99345738,-0.98667306,-0.9847835,-0.99398753,-0.99582809
"39",2,"WALKING",0.27486428,-0.01561837,-0.097528302,-0.99623776,-0.98664644,-0.989707,0.95761533,-0.11965332,0.16733906,-0.99595146,-0.99389772,-0.98683224,0.075529732,0.020093856,0.011850313,-0.99227354,-0.98618217,-0.98957602,-0.028197612,-0.072492716,0.081141936,-0.9966929,-0.98831115,-0.98393993,-0.097361152,-0.045318417,-0.050056318,-0.99552817,-0.99582541,-0.99134481,-0.99193129,-0.99193657,-0.99193129,-0.99193657,-0.99056259,-0.9918432,-0.99004857,-0.9894614,-0.995537,-0.9963504,-0.99499786,-0.98434635,-0.98871071,-0.99685543,-0.98775314,-0.9903338,-0.99254583,-0.9861712,-0.98789193,-0.99261238,-0.98717886,-0.98977159,-0.99534259,-0.99072003,-0.98451264,-0.99710892,-0.98692611,-0.98503885,-0.99094948,-0.99300967,-0.9910336,-0.99176709,-0.99115097,-0.98984191,-0.9959979,-0.99673267
"40",2,"WALKING",0.27871074,-0.016793927,-0.10524076,-0.99859653,-0.9906669,-0.98746213,0.95685371,-0.11945235,0.17076173,-0.99854623,-0.99717066,-0.98719726,0.075792868,0.0082702907,-0.0046005261,-0.99673138,-0.99093654,-0.98935414,-0.027541794,-0.073323286,0.080225072,-0.99633885,-0.98906109,-0.98681453,-0.099417698,-0.038310487,-0.060352158,-0.99489164,-0.99592158,-0.99201559,-0.99505048,-0.99470667,-0.99505048,-0.99470667,-0.99335333,-0.99292018,-0.99063115,-0.99201041,-0.99566519,-0.99623914,-0.99784915,-0.98925984,-0.98909958,-0.99902339,-0.99096689,-0.98647362,-0.99663791,-0.99050631,-0.98855592,-0.99713983,-0.99218789,-0.98853141,-0.99489339,-0.99250153,-0.9862611,-0.99678082,-0.98720252,-0.98807717,-0.99362136,-0.99556168,-0.99312867,-0.99112143,-0.99271841,-0.99266443,-0.99604217,-0.99643528
"41",2,"WALKING",0.27822455,-0.016181738,-0.1075716,-0.99822604,-0.99043752,-0.98923957,0.95709207,-0.11889701,0.17216278,-0.99865366,-0.99858765,-0.99630003,0.076381493,0.0032129773,-0.00018746671,-0.99810136,-0.98993492,-0.99254022,-0.027905922,-0.075317726,0.084110903,-0.99598121,-0.99154022,-0.99012716,-0.098601087,-0.040436174,-0.052897202,-0.9935933,-0.99644922,-0.99302309,-0.99569559,-0.99544433,-0.99569559,-0.99544433,-0.99524339,-0.99414257,-0.99330273,-0.99234285,-0.99593913,-0.99611078,-0.9981015,-0.98971949,-0.99055637,-0.99822971,-0.99033198,-0.98830812,-0.99779481,-0.98951968,-0.99160133,-0.99869875,-0.99123247,-0.99191867,-0.99376545,-0.99339422,-0.98972697,-0.99674121,-0.99043431,-0.9910433,-0.99433423,-0.99622836,-0.99406775,-0.99276053,-0.9933618,-0.99270128,-0.99591867,-0.99629214
"42",2,"WALKING",0.27625455,-0.016985093,-0.10885324,-0.99639413,-0.98567065,-0.98354536,0.957125,-0.11843093,0.17257908,-0.99902145,-0.997234,-0.99413399,0.077142483,0.017151419,-0.0013815426,-0.99658085,-0.98474296,-0.99069383,-0.028386406,-0.075428757,0.084448765,-0.99441796,-0.98896745,-0.98331636,-0.095803874,-0.044492057,-0.050073195,-0.993369,-0.99440543,-0.99094466,-0.99231876,-0.99087672,-0.99231876,-0.99087672,-0.9921557,-0.9925433,-0.99096518,-0.98549334,-0.99491005,-0.99348714,-0.99621964,-0.98289752,-0.98570956,-0.9963833,-0.98714547,-0.98255398,-0.99641164,-0.98382667,-0.98815825,-0.99710634,-0.98713525,-0.99198694,-0.9915615,-0.98983461,-0.98371747,-0.99537599,-0.98841329,-0.98453327,-0.98949844,-0.99239429,-0.99091427,-0.99419735,-0.98899962,-0.9853784,-0.99417563,-0.99255979
"43",2,"WALKING",0.27574674,-0.015388072,-0.10505767,-0.99581447,-0.98247951,-0.9819142,0.9567784,-0.11826838,0.17243002,-0.99838027,-0.99703086,-0.99311082,0.076351845,0.013059249,0.001419995,-0.99383983,-0.98486341,-0.99254104,-0.02833208,-0.074596168,0.085722107,-0.99104087,-0.98628489,-0.97696868,-0.096556649,-0.04018711,-0.048712881,-0.99111869,-0.99276635,-0.98664924,-0.99053425,-0.98890189,-0.99053425,-0.98890189,-0.99245307,-0.99212445,-0.98602379,-0.98369587,-0.99231034,-0.99203913,-0.99494348,-0.98216681,-0.98760913,-0.99618528,-0.98264843,-0.9790682,-0.99369864,-0.98482787,-0.99126792,-0.99456549,-0.98598972,-0.99231107,-0.98862146,-0.98772073,-0.97754665,-0.99174715,-0.98542135,-0.97869995,-0.98970154,-0.98904718,-0.99139998,-0.99185212,-0.98597966,-0.98465863,-0.99272785,-0.99123689
"44",2,"WALKING",0.28028279,-0.019175262,-0.10932156,-0.99531257,-0.975241,-0.97892176,0.95656471,-0.11752757,0.17319654,-0.99757762,-0.99353276,-0.98846658,0.077208833,0.003495444,-0.00073970854,-0.99278339,-0.98489323,-0.99591241,-0.026969226,-0.075102151,0.089479676,-0.99222869,-0.98504205,-0.97828727,-0.10128222,-0.039297873,-0.059640136,-0.99313152,-0.99471673,-0.98852767,-0.98713678,-0.98765605,-0.98713678,-0.98765605,-0.9939029,-0.99209187,-0.98588897,-0.98488949,-0.99443061,-0.99323111,-0.99436786,-0.97860667,-0.9902359,-0.99571149,-0.97397802,-0.97369255,-0.99238299,-0.98317696,-0.99447997,-0.99395244,-0.98852179,-0.99597365,-0.98995361,-0.98920517,-0.97997577,-0.99289638,-0.98282283,-0.97952158,-0.99041719,-0.98676218,-0.99160179,-0.99138687,-0.98743189,-0.98547547,-0.99337821,-0.99299612
"45",2,"WALKING",0.28540286,0.002355779,-0.16984868,-0.95371281,-0.86194417,-0.78706775,0.97078586,-0.14664468,0.070036345,-0.91948606,-0.85676875,-0.74690999,0.056061067,0.090742267,0.11850025,-0.95368813,-0.94604718,-0.97086316,-0.2445337,0.051893002,-0.41735088,-0.9329845,-0.95320268,-0.84072691,-0.059146721,-0.028476505,0.049935806,-0.9724896,-0.98051923,-0.9674775,-0.87722004,-0.83813635,-0.87722004,-0.83813635,-0.95780326,-0.95308411,-0.66865683,-0.82391109,-0.97639756,-0.97993471,-0.95107745,-0.88078397,-0.8586826,-0.95465216,-0.86037139,-0.76841627,-0.95315437,-0.94395079,-0.96500137,-0.95855696,-0.95282949,-0.9757051,-0.93106212,-0.96373167,-0.83968795,-0.93409972,-0.94784815,-0.85544588,-0.86276586,-0.84956542,-0.95078436,-0.95507082,-0.87646103,-0.82222822,-0.97996582,-0.98086373
"46",2,"WALKING",0.27047249,-0.0089373643,-0.095150167,-0.98563184,-0.91172769,-0.94366406,0.97523081,-0.14167883,0.04680685,-0.9759878,-0.9309246,-0.95667189,0.078423432,-0.029601453,0.006568441,-0.9774202,-0.98297468,-0.98773552,-0.14713738,0.0087484106,-0.16525629,-0.93954559,-0.95370477,-0.85682435,-0.058538154,-0.056981822,0.02175631,-0.99074421,-0.98975456,-0.98532363,-0.95395093,-0.94777267,-0.95395093,-0.94777267,-0.98480154,-0.97888194,-0.82576638,-0.8285661,-0.99015082,-0.98935188,-0.98199076,-0.94812629,-0.97178285,-0.98732723,-0.90128041,-0.93388145,-0.97687083,-0.98155965,-0.98470343,-0.98014564,-0.98624429,-0.98955748,-0.93442571,-0.96751053,-0.87664913,-0.94139602,-0.94698234,-0.8637027,-0.9682697,-0.94510476,-0.9792592,-0.97638209,-0.88877193,-0.8228991,-0.99018192,-0.98855822
"47",2,"WALKING",0.28022445,-0.028037933,-0.12428498,-0.99664261,-0.9761271,-0.98747869,0.97188567,-0.13578742,0.050809506,-0.99583498,-0.97340841,-0.97859934,0.082323028,0.0094048744,-0.016392014,-0.99289105,-0.98862958,-0.99372502,-0.071616512,-0.057229845,0.016180468,-0.95964544,-0.98873638,-0.94393931,-0.068334522,-0.046884861,-0.020184879,-0.99637572,-0.99416146,-0.98987307,-0.98179163,-0.98638468,-0.98179163,-0.98638468,-0.9934728,-0.99399259,-0.94355237,-0.92047855,-0.99428762,-0.99517906,-0.99509555,-0.98269067,-0.9881737,-0.997494,-0.97341005,-0.98709646,-0.99290684,-0.9873042,-0.99214583,-0.99349505,-0.99140218,-0.993899,-0.9539138,-0.98951392,-0.94798015,-0.96146897,-0.98823584,-0.94755986,-0.98955812,-0.98545405,-0.99401821,-0.99201124,-0.95014613,-0.91678415,-0.99508007,-0.99526122
"48",2,"WALKING",0.27724091,-0.01767369,-0.12039377,-0.99512799,-0.9871038,-0.98904192,0.97291478,-0.14172722,0.0453806,-0.99880018,-0.98854617,-0.97180417,0.075848405,0.03363227,-0.00046564644,-0.98752889,-0.98612875,-0.9900962,-0.029355164,-0.077127117,0.089804957,-0.98336831,-0.98930227,-0.97755762,-0.086298193,-0.041153213,-0.031678018,-0.99508865,-0.9931168,-0.98345132,-0.99140977,-0.99004513,-0.99140977,-0.99004513,-0.98918771,-0.98984237,-0.98258066,-0.98471783,-0.99239408,-0.99234138,-0.99266317,-0.98292608,-0.98808237,-0.99652813,-0.98949055,-0.98969272,-0.98760351,-0.98560451,-0.98659429,-0.9885433,-0.98784863,-0.99266882,-0.98136658,-0.9897405,-0.97153173,-0.98395639,-0.98900477,-0.98195203,-0.98838421,-0.99189473,-0.9886048,-0.99033644,-0.98938695,-0.98406908,-0.99218812,-0.99267052
"49",2,"WALKING",0.27925474,-0.012044574,-0.11526539,-0.98482887,-0.96879944,-0.96316567,0.97305475,-0.14153892,0.04091304,-0.9997964,-0.98926855,-0.99196828,0.065939902,0.015001399,-0.0011348123,-0.97442851,-0.97658469,-0.97887286,-0.015577629,-0.081883642,0.11290142,-0.98529386,-0.96188178,-0.96851285,-0.10223895,-0.034024279,-0.066284827,-0.98168542,-0.98320452,-0.97033997,-0.97881153,-0.96695181,-0.97881153,-0.96695181,-0.97656492,-0.97784271,-0.96659584,-0.96333912,-0.98248196,-0.98013625,-0.98089376,-0.96885883,-0.9657584,-0.9866714,-0.96964096,-0.96359496,-0.97542342,-0.97715451,-0.97342075,-0.97555959,-0.97751286,-0.9835313,-0.97888454,-0.96675823,-0.96252787,-0.98737728,-0.95926363,-0.97356488,-0.97006626,-0.96910415,-0.97730678,-0.97709254,-0.97193036,-0.96380576,-0.98193814,-0.97878334
"50",2,"WALKING",0.27981772,-0.010396061,-0.11320248,-0.98493079,-0.95923068,-0.96438621,0.97327809,-0.13761653,0.038872702,-0.99902909,-0.98490733,-0.98913861,0.07463448,-0.02744252,0.0079791098,-0.97657193,-0.97306215,-0.98131878,-0.016789285,-0.080774312,0.12788896,-0.98366942,-0.95989187,-0.95371276,-0.10379423,-0.040720764,-0.048389537,-0.97966344,-0.98176957,-0.96994518,-0.97556248,-0.96792516,-0.97556248,-0.96792516,-0.9776169,-0.97886575,-0.95753906,-0.96840018,-0.97948948,-0.98272116,-0.98349178,-0.95617248,-0.96851488,-0.98543618,-0.96246688,-0.96380495,-0.9786664,-0.97317152,-0.97660686,-0.97629487,-0.97484985,-0.98508327,-0.97652652,-0.96593976,-0.95336416,-0.98599628,-0.95667916,-0.95788536,-0.97162213,-0.96958959,-0.97853472,-0.97778478,-0.97140559,-0.97149538,-0.98196836,-0.98465453
"51",2,"WALKING",0.27579491,-0.034804666,-0.10983325,-0.99417869,-0.92858508,-0.99348617,0.9737383,-0.13624316,0.036339561,-0.99904087,-0.98138727,-0.98956689,0.08228413,-0.0036980041,0.008195098,-0.99085772,-0.98303852,-0.99150591,-0.021958268,-0.068529481,0.12529715,-0.99170116,-0.98209978,-0.95751786,-0.096185116,-0.046358755,-0.045396181,-0.99074957,-0.99049779,-0.98315551,-0.9675803,-0.96349439,-0.9675803,-0.96349439,-0.98985561,-0.99203915,-0.97217324,-0.97591109,-0.98970626,-0.99140006,-0.99236169,-0.95948372,-0.99067331,-0.99506821,-0.91939539,-0.99532755,-0.99084712,-0.98267771,-0.98880717,-0.99168059,-0.98474489,-0.99304988,-0.98905591,-0.98400102,-0.96436273,-0.99249473,-0.98099775,-0.95908033,-0.97898403,-0.96055103,-0.99031397,-0.99334931,-0.97948573,-0.97733627,-0.99155225,-0.99137235
"52",2,"WALKING",0.27379132,-0.041945691,-0.10724671,-0.99483845,-0.94900945,-0.98929992,0.9733727,-0.14797011,0.03520866,-0.99671867,-0.93773675,-0.99570813,0.075690948,0.038669285,0.0010182271,-0.99065783,-0.98980653,-0.99237329,-0.025688285,-0.073270706,0.091985955,-0.99661203,-0.98722753,-0.96992626,-0.096574607,-0.044535052,-0.071298218,-0.99574817,-0.99500273,-0.98880585,-0.96613087,-0.9669498,-0.96613087,-0.9669498,-0.99170127,-0.99479507,-0.98445222,-0.98651159,-0.99455097,-0.99536808,-0.9929609,-0.96548601,-0.9901627,-0.99580221,-0.94380817,-0.98865883,-0.99062885,-0.9878451,-0.99095181,-0.99152232,-0.99361876,-0.99231789,-0.99580178,-0.98985867,-0.971741,-0.99681372,-0.98573146,-0.97188175,-0.98149522,-0.96388178,-0.99396278,-0.99482146,-0.98883643,-0.98696526,-0.99515858,-0.99563519
"53",2,"WALKING",0.27609539,-0.018046144,-0.11243656,-0.99592796,-0.96849709,-0.98746474,0.97218035,-0.16143042,0.035495106,-0.99667264,-0.9753293,-0.99333685,0.077046851,0.03047743,-0.007835288,-0.9919048,-0.98847409,-0.99466953,-0.026657781,-0.078053488,0.070051752,-0.99769397,-0.99065035,-0.98998996,-0.097957206,-0.039529618,-0.053186741,-0.99674132,-0.99639728,-0.99269691,-0.98723788,-0.99001835,-0.98723788,-0.99001835,-0.99279565,-0.99618927,-0.99088224,-0.99245708,-0.9965757,-0.99668729,-0.99504568,-0.97369169,-0.99055774,-0.99630894,-0.96679418,-0.98559738,-0.99266568,-0.98821964,-0.99327589,-0.99169912,-0.98964578,-0.99464263,-0.9967052,-0.99313179,-0.98972657,-0.99800016,-0.9892371,-0.99086313,-0.99091344,-0.98991368,-0.99551316,-0.99609173,-0.99405679,-0.99238533,-0.99648776,-0.99685661
"54",2,"WALKING",0.27767523,-0.012379484,-0.10466656,-0.99824732,-0.98968847,-0.97817711,0.97156856,-0.16212082,0.034019738,-0.99949096,-0.98790344,-0.98775243,0.07794397,0.0086732393,0.0065144189,-0.99549001,-0.98874009,-0.99476802,-0.02730424,-0.063308856,0.075233247,-0.99822217,-0.99279435,-0.99301176,-0.098587002,-0.034474329,-0.051241529,-0.99722796,-0.99690064,-0.9943894,-0.98994608,-0.99068099,-0.98994608,-0.99068099,-0.99449181,-0.99647917,-0.99305995,-0.99336204,-0.99725074,-0.99758308,-0.99777584,-0.98751803,-0.98548737,-0.99846575,-0.99053715,-0.97479757,-0.99532473,-0.98817987,-0.99250099,-0.99610058,-0.99033403,-0.99589671,-0.99713281,-0.9933176,-0.99227552,-0.99860942,-0.99241773,-0.99383145,-0.9915257,-0.99052787,-0.99603615,-0.99592333,-0.99489178,-0.99318284,-0.99757115,-0.99739258
"55",2,"WALKING",0.27679437,-0.017846957,-0.099866917,-0.99683186,-0.98725167,-0.97461636,0.97148516,-0.15944776,0.035579575,-0.99947294,-0.99553439,-0.97592964,0.071987524,0.011985198,-0.0067160452,-0.99374656,-0.98721727,-0.99504459,-0.028255667,-0.078036283,0.082192061,-0.99657538,-0.9817962,-0.98158003,-0.096706734,-0.04535947,-0.063459168,-0.99729181,-0.99548444,-0.99027026,-0.98846007,-0.98621185,-0.98846007,-0.98621185,-0.99370981,-0.99526798,-0.98784661,-0.98040731,-0.99551664,-0.99599179,-0.99557776,-0.98501638,-0.98620379,-0.99749088,-0.98828322,-0.9695287,-0.99383619,-0.98607255,-0.99348958,-0.99417763,-0.9897953,-0.99523422,-0.99573166,-0.98774108,-0.98081757,-0.99678844,-0.97878054,-0.98338274,-0.98939688,-0.985299,-0.99445507,-0.99539927,-0.98566411,-0.98009447,-0.99572318,-0.99633571
"56",2,"WALKING",0.17376905,-0.024869125,-0.094733441,-0.8938616,-0.94420408,-0.96082431,-0.69553313,0.72141371,0.67577988,-0.79814709,-0.99054068,-0.9808685,0.14824513,0.018076146,-0.0099643768,-0.91683397,-0.94576047,-0.96825575,-0.0023142606,-0.38134958,0.28917439,-0.95270527,-0.9294601,-0.8861205,-0.1061418,-0.024243291,-0.073149089,-0.96026856,-0.93939114,-0.90528924,-0.91669749,-0.8434728,-0.91669749,-0.8434728,-0.95122949,-0.90596974,-0.82362506,-0.86141167,-0.95467236,-0.91441714,-0.88818832,-0.93993626,-0.95811371,-0.89602795,-0.94912119,-0.96494459,-0.92166437,-0.94530182,-0.96271005,-0.91897449,-0.95029433,-0.9726107,-0.9432567,-0.92403925,-0.86836961,-0.95565802,-0.93346553,-0.90292608,-0.86122749,-0.85730185,-0.91953741,-0.88866963,-0.89283142,-0.86493819,-0.93660357,-0.89651074
"57",2,"WALKING",0.3009048,-0.023610414,-0.096890735,-0.98681212,-0.974874,-0.9869338,-0.72762928,0.71743485,0.68079188,-0.97539016,-0.98538598,-0.97649265,0.084172767,0.013429448,-0.0088533945,-0.98356356,-0.97996292,-0.98975629,-0.031533371,-0.24528334,0.15656219,-0.98720614,-0.95112948,-0.94152353,-0.098648269,-0.0088691152,-0.098258239,-0.98611208,-0.98672806,-0.98367508,-0.98122621,-0.97908161,-0.98122621,-0.97908161,-0.98586535,-0.98640829,-0.91425567,-0.91926422,-0.98654648,-0.9883955,-0.98350603,-0.97597165,-0.98590039,-0.98834378,-0.97476722,-0.98780159,-0.98286485,-0.9797115,-0.98779743,-0.98593862,-0.9817359,-0.99028732,-0.98404221,-0.95693298,-0.93642651,-0.98814147,-0.94804454,-0.94851088,-0.9798187,-0.98075362,-0.9863168,-0.98497016,-0.9398944,-0.91990834,-0.98854277,-0.98847859
"58",2,"WALKING",0.28567994,-0.021402652,-0.099788959,-0.98882456,-0.99010644,-0.99850164,-0.72085621,0.71396105,0.68526411,-0.97869812,-0.99342254,-0.98917087,0.059172424,0.020983328,0.003382057,-0.98741145,-0.98856702,-0.99473185,-0.039082748,-0.13179261,0.079899406,-0.99495801,-0.97124494,-0.97196367,-0.1007216,-0.030101192,-0.073474108,-0.99422339,-0.99030562,-0.98924489,-0.99088456,-0.99348713,-0.99088456,-0.99348713,-0.99101218,-0.99410948,-0.96723595,-0.96612827,-0.99178625,-0.99208639,-0.9876537,-0.98703306,-0.99727769,-0.98922702,-0.99155107,-0.99868059,-0.98684333,-0.98760613,-0.99427157,-0.98927593,-0.99077657,-0.99359725,-0.99323132,-0.97738939,-0.97203965,-0.99547077,-0.96801689,-0.9743222,-0.99197665,-0.99485329,-0.9939209,-0.99300226,-0.97713959,-0.96493965,-0.99292703,-0.99107021
"59",2,"WALKING",0.27205902,-0.021271356,-0.10063642,-0.99521892,-0.99197156,-0.99657104,-0.71824729,0.71111133,0.68862349,-0.99439039,-0.98893361,-0.98558872,0.076035903,0.013382995,-0.007992728,-0.99049702,-0.99305729,-0.99442248,-0.035839184,-0.074036713,0.059131448,-0.99576698,-0.9882587,-0.99737727,-0.095766701,-0.031586378,-0.051629454,-0.99705713,-0.99300463,-0.99530303,-0.99461891,-0.99580527,-0.99461891,-0.99580527,-0.99381926,-0.994684,-0.98499982,-0.99324165,-0.99527188,-0.9946964,-0.99325448,-0.99099548,-0.99591471,-0.99626481,-0.99192504,-0.99642938,-0.99009077,-0.99238197,-0.99366124,-0.99187077,-0.99453872,-0.99362662,-0.99530733,-0.98824826,-0.99596877,-0.99584013,-0.98825233,-0.99828398,-0.99570482,-0.99565194,-0.99428451,-0.99395514,-0.99449861,-0.99323569,-0.99519095,-0.99395679
"60",2,"WALKING",0.27631974,-0.017844672,-0.10385552,-0.99576459,-0.99564856,-0.9942946,-0.71982373,0.70859517,0.69142117,-0.99750135,-0.99469385,-0.99334447,0.083713455,0.011526507,-0.0058181692,-0.99257405,-0.99568368,-0.9947109,-0.03070443,-0.057090164,0.064112225,-0.99802023,-0.99601934,-0.99529468,-0.095886296,-0.037434207,-0.049878664,-0.9961178,-0.99436751,-0.9933751,-0.99755985,-0.99606864,-0.99755985,-0.99606864,-0.99553935,-0.99559462,-0.98941665,-0.99555182,-0.99514057,-0.99643388,-0.99480028,-0.99446,-0.99347166,-0.99618905,-0.99551165,-0.99444851,-0.99232598,-0.99504179,-0.99215369,-0.99354834,-0.99694894,-0.99624862,-0.99643778,-0.99494675,-0.99365789,-0.99864392,-0.99681742,-0.99640533,-0.99559954,-0.99619873,-0.99521573,-0.99488461,-0.99524502,-0.99646745,-0.99613378,-0.99664298
"61",2,"WALKING",0.27869543,-0.017640511,-0.10511841,-0.99746842,-0.99845545,-0.99334269,-0.72009525,0.7081513,0.69318963,-0.99941554,-0.998695,-0.9931461,0.075670506,0.0068063114,0.0077829162,-0.99467264,-0.99461526,-0.99288006,-0.02852509,-0.057714662,0.07397583,-0.998612,-0.99716856,-0.99530842,-0.097260231,-0.042370195,-0.053067421,-0.9959825,-0.99619173,-0.9938778,-0.99893571,-0.9961654,-0.99893571,-0.9961654,-0.99495126,-0.99610907,-0.99328876,-0.99514579,-0.99624462,-0.9976173,-0.99683568,-0.99584843,-0.99133581,-0.99775437,-0.99921236,-0.99450325,-0.99520942,-0.99476653,-0.99014194,-0.99447257,-0.99478161,-0.99456085,-0.99730043,-0.99655775,-0.99370716,-0.9991656,-0.99758304,-0.99639913,-0.99595286,-0.99606117,-0.99588693,-0.99508644,-0.99511318,-0.99588275,-0.99746842,-0.99743539
"62",2,"WALKING",0.28026202,-0.018697516,-0.10968549,-0.99612342,-0.99807443,-0.99196657,-0.71981933,0.70791099,0.69418107,-0.99949955,-0.99746151,-0.99584669,0.083126265,0.00995022,0.0037197928,-0.99359223,-0.99423975,-0.99192484,-0.026875752,-0.065254288,0.083337246,-0.99826399,-0.99667695,-0.99630527,-0.097186163,-0.043182318,-0.049661825,-0.99595308,-0.99696945,-0.99627299,-0.99762785,-0.99597466,-0.99762785,-0.99597466,-0.99374906,-0.99607895,-0.99676166,-0.99671942,-0.99711144,-0.99860291,-0.99450096,-0.99577759,-0.99070777,-0.99698841,-0.99859501,-0.99262589,-0.99335427,-0.99414756,-0.9895632,-0.99446627,-0.99477319,-0.99304061,-0.99702217,-0.99627738,-0.99443824,-0.99873305,-0.99691129,-0.99751312,-0.99500693,-0.99660012,-0.99559725,-0.99548523,-0.99657987,-0.99727934,-0.99856279,-0.99838256
"63",2,"WALKING",0.29238966,-0.014798532,-0.11487816,-0.99280911,-0.99112641,-0.99202521,-0.71847033,0.70722564,0.69341273,-0.99218778,-0.99726372,-0.99388791,0.081997015,0.014824447,0.0073997541,-0.99349931,-0.99325447,-0.99263375,-0.024763532,-0.072646738,0.0937767,-0.99796997,-0.99746051,-0.99495438,-0.096593835,-0.042297251,-0.050572781,-0.99591716,-0.99636659,-0.99533192,-0.9914538,-0.99426977,-0.9914538,-0.99426977,-0.99399789,-0.9957322,-0.99639256,-0.99722715,-0.99670883,-0.99771084,-0.99207201,-0.99165914,-0.99193175,-0.9930404,-0.99027389,-0.99181766,-0.99369972,-0.99373144,-0.99046314,-0.99381551,-0.99308556,-0.99352037,-0.99648191,-0.99635947,-0.99474587,-0.99853739,-0.99835506,-0.99538972,-0.99397873,-0.99446875,-0.99442889,-0.99691596,-0.99729607,-0.99751325,-0.99756037,-0.99775496
"64",2,"WALKING",0.29089459,-0.012652477,-0.11315576,-0.98930153,-0.99094197,-0.99122081,-0.71309112,0.70885242,0.6912159,-0.97917626,-0.98876467,-0.99004222,0.06159483,0.0083470872,-0.0068951122,-0.99356918,-0.99464584,-0.98986931,-0.027288741,-0.072090637,0.083183671,-0.99598275,-0.99766178,-0.98418102,-0.10012442,-0.039127706,-0.061962697,-0.99700019,-0.9968616,-0.99216003,-0.98920966,-0.9943943,-0.98920966,-0.9943943,-0.99307567,-0.99410028,-0.99293871,-0.99498392,-0.9967011,-0.99691094,-0.98919656,-0.9918902,-0.9909891,-0.98919252,-0.98988326,-0.99117435,-0.99318004,-0.9946953,-0.98991309,-0.99465701,-0.99495098,-0.98815181,-0.99594508,-0.9967507,-0.98611633,-0.99592328,-0.99837145,-0.98479383,-0.9938574,-0.99479161,-0.99315024,-0.99443469,-0.99503331,-0.99567469,-0.99676935,-0.99696236
"65",2,"WALKING",0.27191593,-0.019731212,-0.10278027,-0.99074021,-0.98734334,-0.99000242,-0.70914868,0.71106611,0.68994861,-0.9903629,-0.99340582,-0.99340721,0.070519824,0.0046784377,-0.012536393,-0.9952761,-0.99569201,-0.99051871,-0.029765371,-0.07288768,0.078529226,-0.99545996,-0.99727578,-0.9856536,-0.098793364,-0.041135997,-0.054256847,-0.99632845,-0.99687592,-0.99108927,-0.99040175,-0.99508494,-0.99040175,-0.99508494,-0.99424052,-0.99495541,-0.99273406,-0.99432928,-0.99617884,-0.99689851,-0.99229201,-0.99126868,-0.99021783,-0.98992323,-0.98511487,-0.9897401,-0.99487743,-0.99596629,-0.98845394,-0.99623489,-0.99561322,-0.99120076,-0.9957317,-0.99674375,-0.98767458,-0.99531341,-0.99762499,-0.9861048,-0.994644,-0.99530731,-0.99437506,-0.9946002,-0.99456117,-0.99496755,-0.99664966,-0.99716568
"66",2,"WALKING",0.29301384,-0.01607838,-0.11018298,-0.98371207,-0.97530943,-0.98214793,-0.71036516,0.70956997,0.69175181,-0.98983768,-0.98945168,-0.98772529,0.085430755,0.022670342,-0.013913567,-0.99518068,-0.99435675,-0.99640333,-0.023724761,-0.073166234,0.099927166,-0.99203805,-0.99574285,-0.98168679,-0.099219815,-0.039877484,-0.056519309,-0.9957504,-0.99571063,-0.99212137,-0.98226511,-0.98382787,-0.98226511,-0.98382787,-0.99645159,-0.99898051,-0.98881937,-0.98983511,-0.99564426,-0.99667542,-0.98789123,-0.98362648,-0.98799678,-0.98194308,-0.97194527,-0.9792036,-0.99496661,-0.99399535,-0.99523128,-0.99588782,-0.99527388,-0.99615279,-0.99369717,-0.99488487,-0.98570719,-0.99158803,-0.99634447,-0.98189132,-0.99136982,-0.98115209,-0.9987856,-0.99802582,-0.99352195,-0.98894425,-0.99661583,-0.99661642
"67",2,"WALKING",0.33999093,-0.039323711,-0.11380871,-0.8552877,-0.88627572,-0.91776601,-0.58922506,0.7846827,0.63285929,-0.689061,-0.89838755,-0.89634225,0.17251034,0.050036903,-0.09166723,-0.972563,-0.96187523,-0.97947878,0.17650597,-0.37064377,0.63994236,-0.90459145,-0.95892357,-0.82080238,-0.16111861,-0.018182076,-0.19292642,-0.97828545,-0.97950075,-0.96428922,-0.86552976,-0.84800241,-0.86552976,-0.84800241,-0.97485844,-0.96520099,-0.63911675,-0.78120823,-0.97895591,-0.97395005,-0.87591761,-0.91903677,-0.92589239,-0.84760862,-0.87786898,-0.9186625,-0.97058848,-0.95727493,-0.9721968,-0.97763602,-0.97153121,-0.98689968,-0.8904681,-0.96559907,-0.79977099,-0.90921358,-0.9553934,-0.84452554,-0.84038757,-0.87507951,-0.96465703,-0.9645583,-0.82829165,-0.78836964,-0.97420276,-0.97499294
"68",2,"WALKING",0.32773332,-0.012972104,-0.10934048,-0.91832647,-0.9739953,-0.96697887,-0.58048716,0.77009784,0.63225034,-0.84447983,-0.98368765,-0.96073927,0.039292808,0.0073950262,0.0170328,-0.98939719,-0.98008862,-0.99036092,0.061929535,-0.286331,0.34741163,-0.93640592,-0.9514162,-0.8546718,-0.13891879,-0.019907312,-0.12768588,-0.99121714,-0.99074865,-0.98113448,-0.93097813,-0.92681118,-0.93097813,-0.92681118,-0.9876883,-0.99086608,-0.82024716,-0.82080707,-0.98941993,-0.99024153,-0.94672016,-0.97751198,-0.9777984,-0.90901309,-0.97273925,-0.96272659,-0.98894226,-0.97966473,-0.98905918,-0.9909304,-0.98209305,-0.99011805,-0.93186499,-0.96575429,-0.87663156,-0.93813982,-0.94443409,-0.86115709,-0.96034958,-0.92244854,-0.98990585,-0.99103746,-0.88776134,-0.81325065,-0.99041701,-0.99025617
"69",2,"WALKING",0.26238254,-0.020021626,-0.099674861,-0.96097213,-0.99090799,-0.98377812,-0.56016657,0.77174741,0.63096127,-0.95858439,-0.9925661,-0.97858753,0.089127334,0.0048566452,0.0027823965,-0.98908237,-0.98883232,-0.99048048,-0.0043025236,-0.18282093,0.16657936,-0.97298063,-0.97161117,-0.94420855,-0.1187739,-0.02155816,-0.096986971,-0.99695027,-0.99344156,-0.98837819,-0.96798124,-0.97859325,-0.96798124,-0.97859325,-0.98981544,-0.99382447,-0.93136684,-0.93521921,-0.99358379,-0.99464706,-0.97911858,-0.98851962,-0.98640179,-0.95514997,-0.99183506,-0.98248978,-0.98991577,-0.9890838,-0.9892029,-0.98905376,-0.98928234,-0.9902156,-0.96919358,-0.97570017,-0.93900691,-0.97415332,-0.96937978,-0.951001,-0.98503957,-0.97718751,-0.99266739,-0.99455765,-0.95679596,-0.93321869,-0.99408064,-0.99554724
"70",2,"WALKING",0.29490692,-0.017273605,-0.10855348,-0.97238323,-0.99040729,-0.99071755,-0.56364509,0.77073753,0.63399216,-0.97033109,-0.99455166,-0.99423313,0.078494785,0.017328539,-0.015292153,-0.98862821,-0.99072561,-0.98920526,-0.033484636,-0.10529417,0.072248557,-0.98746131,-0.97160406,-0.95080412,-0.10723028,-0.023488733,-0.084992094,-0.99597653,-0.99237033,-0.99220686,-0.97918424,-0.98318868,-0.97918424,-0.98318868,-0.98946973,-0.99348171,-0.96540293,-0.97383808,-0.99406694,-0.99363653,-0.98563114,-0.98941258,-0.98787455,-0.96799143,-0.99046883,-0.99274272,-0.98886252,-0.9907002,-0.98778963,-0.98934855,-0.99141573,-0.98907496,-0.98675792,-0.97745031,-0.95854598,-0.98765336,-0.96851446,-0.95270912,-0.98700688,-0.98237801,-0.99188228,-0.9950491,-0.98455106,-0.97180152,-0.99376879,-0.99344882
"71",2,"WALKING",0.2673108,-0.017739291,-0.10418492,-0.97618683,-0.98801979,-0.99327413,-0.55997593,0.77059469,0.63445297,-0.97810879,-0.99684782,-0.99465297,0.077769042,0.0049524785,0.0037924964,-0.99031617,-0.98698079,-0.99004389,-0.041686651,-0.073833051,0.048034885,-0.99627955,-0.99189099,-0.97590619,-0.095958557,-0.040903783,-0.043397342,-0.99656403,-0.99267133,-0.9921081,-0.98243677,-0.98774126,-0.98243677,-0.98774126,-0.9898351,-0.99308403,-0.97730692,-0.98477734,-0.9944413,-0.99388505,-0.9846067,-0.98612221,-0.99193171,-0.9730806,-0.98878759,-0.99390364,-0.98981792,-0.98649677,-0.9890906,-0.99183323,-0.98858502,-0.98940124,-0.99510838,-0.99155016,-0.97860099,-0.99661035,-0.99208786,-0.97703342,-0.98814184,-0.98831462,-0.99239689,-0.99281401,-0.98918503,-0.98425465,-0.99412077,-0.99356611
"72",2,"WALKING",0.29493279,-0.018148994,-0.10870259,-0.97149269,-0.98887703,-0.99356016,-0.56124794,0.77026141,0.63556832,-0.97751018,-0.99542073,-0.99390653,0.079098632,0.015055689,0.012241295,-0.99230104,-0.98533741,-0.99323391,-0.039533916,-0.067116322,0.061494108,-0.99579403,-0.98891142,-0.97822192,-0.094195045,-0.04180834,-0.043250891,-0.99730157,-0.9943596,-0.99060558,-0.97902373,-0.98187916,-0.97902373,-0.98187916,-0.99175592,-0.99392305,-0.98168007,-0.98438727,-0.99507025,-0.99519875,-0.98498364,-0.98642472,-0.99270456,-0.96702039,-0.98995898,-0.99378867,-0.99188149,-0.98550374,-0.9913033,-0.99353477,-0.98615629,-0.99383763,-0.99421759,-0.99144391,-0.97932504,-0.9962699,-0.98746751,-0.9796576,-0.98672683,-0.98075496,-0.99380059,-0.99261475,-0.9871068,-0.98493553,-0.99511085,-0.99527028
"73",2,"WALKING",0.2843065,-0.017380345,-0.10824585,-0.97250517,-0.99019849,-0.98989676,-0.55560372,0.76955427,0.63545798,-0.96802429,-0.99841399,-0.99472111,0.062898707,0.01253753,-0.012163607,-0.99370963,-0.98516674,-0.99252382,-0.035580551,-0.056262295,0.058187332,-0.99598176,-0.99247721,-0.98540789,-0.097366409,-0.041631596,-0.053713027,-0.99682735,-0.99495588,-0.99275086,-0.98083557,-0.98188915,-0.98083557,-0.98188915,-0.99200077,-0.99356731,-0.98466842,-0.98460002,-0.99563424,-0.99639328,-0.98055573,-0.98704037,-0.9881628,-0.96946212,-0.991703,-0.99107143,-0.99399934,-0.98464943,-0.98957456,-0.99389595,-0.98694626,-0.99447836,-0.99553714,-0.99278293,-0.98587962,-0.99605073,-0.99224016,-0.98641071,-0.98673781,-0.98076203,-0.99282979,-0.99344985,-0.98962904,-0.98377627,-0.9963639,-0.99630592
"74",2,"WALKING",0.27747775,-0.017918468,-0.10552646,-0.97290191,-0.98988889,-0.98890697,-0.55417483,0.76906401,0.63554937,-0.9783072,-0.99620099,-0.99402872,0.094204621,0.0059664465,-0.0015305477,-0.99283501,-0.98626686,-0.98663114,-0.028334978,-0.074639135,0.091224555,-0.99534522,-0.99173335,-0.97691929,-0.094790236,-0.039882834,-0.051752962,-0.99599652,-0.99505705,-0.99447077,-0.98172401,-0.97939746,-0.98172401,-0.97939746,-0.98930602,-0.99070335,-0.98818907,-0.99121632,-0.99563919,-0.99734403,-0.97607879,-0.98692208,-0.98696021,-0.97146646,-0.99127052,-0.99032264,-0.99292066,-0.98600416,-0.98508613,-0.99335608,-0.98760534,-0.98661099,-0.99408327,-0.99371293,-0.9861413,-0.99569127,-0.99056491,-0.97621679,-0.98260472,-0.97954206,-0.98995227,-0.99046844,-0.99369774,-0.99078627,-0.99720313,-0.99736796
"75",2,"WALKING",0.31454279,-0.015639484,-0.11205392,-0.97482366,-0.99079803,-0.99323782,-0.55271292,0.76874208,0.63638767,-0.96330987,-0.99623657,-0.9970744,0.075351154,0.013076733,0.0068509114,-0.98974996,-0.98832069,-0.98767463,-0.025914376,-0.073034601,0.092189631,-0.99650454,-0.9900894,-0.97556585,-0.095747891,-0.03821589,-0.059380367,-0.99539688,-0.99459043,-0.99076835,-0.9780311,-0.97458534,-0.9780311,-0.97458534,-0.98886288,-0.99203876,-0.98733156,-0.99005577,-0.9943734,-0.99659973,-0.9856926,-0.98916706,-0.99033808,-0.97105402,-0.99123171,-0.99517226,-0.98966032,-0.98859528,-0.98649575,-0.99077378,-0.98877796,-0.98725452,-0.99499963,-0.99147937,-0.9810812,-0.99697741,-0.98923163,-0.97589618,-0.98442006,-0.97227619,-0.9904473,-0.99308233,-0.99084317,-0.99099145,-0.9966969,-0.99629515
"76",2,"WALKING",0.27616038,-0.018258159,-0.10492036,-0.97000881,-0.98965068,-0.9862869,-0.54135944,0.76948547,0.63553833,-0.96436164,-0.99617311,-0.99427727,0.059309913,0.0048735219,0.00020497514,-0.99057679,-0.989595,-0.99259907,-0.029695515,-0.066395121,0.073190939,-0.99540408,-0.98863822,-0.98470204,-0.099146775,-0.044608843,-0.050353735,-0.99548866,-0.99149107,-0.98801568,-0.97782444,-0.98126334,-0.97782444,-0.98126334,-0.99150787,-0.99557948,-0.98853747,-0.98928214,-0.99198729,-0.994198,-0.97729151,-0.9872845,-0.98904021,-0.96717715,-0.99063156,-0.98471529,-0.98947822,-0.98975836,-0.99085408,-0.99293204,-0.99010835,-0.99294647,-0.99409124,-0.98785183,-0.98270522,-0.99577016,-0.98916115,-0.98673344,-0.98457882,-0.98105261,-0.9946943,-0.99564801,-0.98906668,-0.99119618,-0.9933037,-0.99572571
"77",2,"WALKING",0.27628845,-0.020230299,-0.099639409,-0.9720728,-0.99289582,-0.98776726,-0.54142899,0.76868403,0.63685569,-0.97314766,-0.99265662,-0.98366111,0.086535909,0.014491718,-0.0082304493,-0.99369872,-0.98940885,-0.99300827,-0.027499714,-0.080806128,0.097877102,-0.99456195,-0.99011025,-0.98234863,-0.099017154,-0.042829335,-0.049676334,-0.99751203,-0.9918892,-0.99121775,-0.97905506,-0.98222938,-0.97905506,-0.98222938,-0.99284837,-0.99673866,-0.98848981,-0.99039732,-0.99400093,-0.99315235,-0.98145542,-0.99025497,-0.9891044,-0.96864498,-0.99389749,-0.98694297,-0.99351557,-0.99007808,-0.99242618,-0.99449289,-0.98927354,-0.99198641,-0.99495233,-0.98905199,-0.98416488,-0.99439081,-0.99083169,-0.98316854,-0.98675301,-0.98122143,-0.99616437,-0.99586273,-0.9906415,-0.99171476,-0.99308424,-0.99324309
"78",2,"WALKING",0.323685,-0.015714002,-0.11094539,-0.97812842,-0.99262693,-0.98885228,-0.53980076,0.76711883,0.63977993,-0.9586241,-0.99599343,-0.98944303,0.072480984,0.013565205,-0.01340999,-0.99264594,-0.9897246,-0.99108475,-0.024836383,-0.074969156,0.093691936,-0.99600193,-0.98958453,-0.97034636,-0.10048672,-0.036671533,-0.064884504,-0.99801625,-0.99557319,-0.99369483,-0.97585522,-0.97479885,-0.97585522,-0.97479885,-0.9921009,-0.99408928,-0.98491656,-0.98814562,-0.9965863,-0.99660084,-0.98639525,-0.99061067,-0.98877423,-0.97509105,-0.99320751,-0.98888467,-0.99214286,-0.98992356,-0.99101122,-0.99397107,-0.99017877,-0.9894962,-0.99579699,-0.99159841,-0.97965508,-0.99599389,-0.98839853,-0.97015149,-0.9873106,-0.97143283,-0.99380031,-0.99297092,-0.99061381,-0.98822941,-0.99668223,-0.99629829
"79",2,"WALKING",0.27524826,-0.016467107,-0.11215011,-0.96345392,-0.99113223,-0.98983504,-0.5260992,0.76781001,0.63887995,-0.9596428,-0.99435951,-0.98795368,0.06358326,0.0059606386,0.009815996,-0.99235107,-0.98925903,-0.99147512,-0.028389623,-0.066310125,0.069226483,-0.99581234,-0.99137033,-0.97562839,-0.098380613,-0.040333986,-0.055965625,-0.99774838,-0.99692601,-0.99311778,-0.97270083,-0.98152474,-0.97270083,-0.98152474,-0.99199659,-0.99424928,-0.98687675,-0.98620588,-0.99706358,-0.99744225,-0.97798891,-0.98938866,-0.98902587,-0.95853459,-0.99161744,-0.99031429,-0.99194477,-0.98930556,-0.9903459,-0.99356574,-0.98995427,-0.99105547,-0.9957548,-0.99397302,-0.9836393,-0.99575956,-0.98990554,-0.97531057,-0.98822762,-0.97956176,-0.99339481,-0.99432301,-0.99140603,-0.9850707,-0.99722476,-0.99761011
"80",2,"WALKING",0.20396243,-0.03234452,-0.096881229,-0.46550359,-0.18078545,-0.45510762,0.91990897,-0.34745672,0.019693368,-0.95363666,-0.94686234,-0.97638778,-0.076950116,0.19753131,0.17866917,-0.36921663,-0.1930675,-0.67787086,-0.27833413,0.23435168,0.081746263,-0.61468318,-0.54311034,-0.49999531,-0.056789178,-0.19603468,0.11923738,-0.54265928,-0.73899614,-0.56307338,-0.35642995,-0.44353865,-0.35642995,-0.44353865,-0.3907957,-0.31796451,-0.41694099,-0.54568881,-0.6523754,-0.70572975,-0.36219909,-0.12099094,-0.52125699,-0.512124,-0.26679379,-0.46151164,-0.35101722,-0.20385785,-0.64843474,-0.44959647,-0.23815316,-0.70533045,-0.51254549,-0.56839968,-0.43328633,-0.64706719,-0.53129687,-0.56957739,-0.36829615,-0.57722126,-0.33226755,-0.30361075,-0.57433174,-0.60384393,-0.68990146,-0.74965418
"81",2,"WALKING",0.24934321,-0.003410981,-0.056041574,-0.39947643,-0.13784483,-0.46127072,0.91317298,-0.35173678,0.024970325,-0.96968371,-0.97254632,-0.96882462,0.1098415,0.24202474,0.38010598,-0.25739068,-0.097353346,-0.66325596,-0.14838291,0.03197447,0.12586574,-0.60303438,-0.5447188,-0.48940637,-0.029430958,-0.070613107,-0.20540482,-0.53420168,-0.71048562,-0.58081542,-0.29560789,-0.43868662,-0.29560789,-0.43868662,-0.29461029,-0.24507369,-0.45988777,-0.60457531,-0.63826673,-0.6918202,-0.34403325,-0.10515758,-0.45839022,-0.42272055,-0.2104984,-0.50644402,-0.28937293,-0.10048777,-0.62370188,-0.28941465,-0.15896687,-0.70158381,-0.49583189,-0.58810127,-0.43173408,-0.63701981,-0.52298361,-0.55641292,-0.37184739,-0.56717287,-0.22482345,-0.27331151,-0.63301733,-0.65248835,-0.67924645,-0.7316334
"82",2,"WALKING",0.32505052,-0.029803725,-0.077847175,-0.46511952,0.013452774,-0.36764586,0.92082397,-0.3520701,0.03009841,-0.96114454,-0.98472398,-0.97036801,0.20181144,-0.053132556,-0.22104489,-0.33348001,0.13320048,-0.58652675,-0.014336966,-0.07647036,0.10618778,-0.59401298,-0.55650645,-0.50977172,0.11516924,0.093260788,-0.19210464,-0.53188264,-0.72952245,-0.53689975,-0.27755891,-0.41638152,-0.27755891,-0.41638152,-0.26769037,-0.12095298,-0.48168882,-0.61192892,-0.64125343,-0.69026657,-0.37317238,0.085947527,-0.4019548,-0.50596013,-0.092325252,-0.39833969,-0.33229002,0.072762418,-0.53200273,-0.39614658,0.12425054,-0.64092238,-0.42548532,-0.56830414,-0.42620608,-0.64905392,-0.55240322,-0.58530754,-0.29947596,-0.58529069,-0.13541531,-0.10892883,-0.57112952,-0.71593281,-0.6739995,-0.73590816
"83",2,"WALKING",0.30880812,-0.022128064,-0.13210431,-0.51482627,0.032008875,-0.34900284,0.9248589,-0.35238246,0.02681797,-0.97876714,-0.98277077,-0.95874721,-0.15781456,-0.41419573,-0.23184476,-0.42708065,0.088669763,-0.57454534,0.029505787,-0.087303248,0.10634994,-0.58670423,-0.53687204,-0.55344291,-0.018204395,-0.15090705,-0.015335425,-0.51628673,-0.73294039,-0.55007008,-0.29128626,-0.44905304,-0.29128626,-0.44905304,-0.31774429,-0.17613586,-0.48181773,-0.57411233,-0.64491506,-0.68108841,-0.44319773,0.11674499,-0.37476865,-0.54603853,-0.08238244,-0.38612016,-0.45025176,0.028968374,-0.53902331,-0.45338662,0.081984694,-0.60763476,-0.52350278,-0.5901952,-0.4873671,-0.60769697,-0.50994235,-0.61816261,-0.33121193,-0.61447491,-0.19752781,-0.15358228,-0.56628738,-0.65519604,-0.68039567,-0.70427724
"84",2,"WALKING",0.26559921,-0.015936305,-0.12074953,-0.50094969,-0.16322961,-0.38942774,0.92575074,-0.34798633,0.021833768,-0.97055292,-0.97732225,-0.98224761,0.036206388,0.065936759,0.006147979,-0.44003795,-0.23812939,-0.62169026,0.025049675,-0.1465051,0.098842885,-0.61504471,-0.55517439,-0.58332377,-0.12800282,-0.24058103,0.0078890224,-0.51039692,-0.74704599,-0.6185257,-0.34393842,-0.51999786,-0.34393842,-0.51999786,-0.39977024,-0.4160981,-0.51339105,-0.58486464,-0.66086041,-0.69819388,-0.45802243,-0.15558233,-0.48308738,-0.51884051,-0.22012425,-0.38698412,-0.45000061,-0.26579273,-0.60424239,-0.47989908,-0.25921444,-0.63655706,-0.53732261,-0.57697756,-0.53416274,-0.63997866,-0.54522072,-0.63880074,-0.47527034,-0.62108306,-0.39967818,-0.43733372,-0.59540331,-0.64947211,-0.68314737,-0.74091069
"85",2,"WALKING",0.18741915,-0.011533248,-0.10650963,-0.45085366,-0.19630865,-0.45986952,0.93036735,-0.34693153,0.024936703,-0.96842823,-0.98123371,-0.97750411,0.21662301,0.1923421,-0.094586394,-0.32592463,-0.241608,-0.63071448,0.022319945,-0.16149855,0.11668942,-0.62641932,-0.54203607,-0.52634411,-0.036961695,-0.061178372,0.064177615,-0.55015946,-0.73193342,-0.57243866,-0.33913225,-0.49456952,-0.33913225,-0.49456952,-0.36820031,-0.31012745,-0.49657329,-0.5977214,-0.65168663,-0.70796706,-0.36465228,-0.16301751,-0.50376215,-0.48874375,-0.26556417,-0.47774873,-0.32734734,-0.25922261,-0.59966628,-0.38622569,-0.2746842,-0.65950939,-0.51906861,-0.60695751,-0.4418593,-0.66047613,-0.50927135,-0.60087604,-0.44004903,-0.60631309,-0.29568814,-0.33061765,-0.56836976,-0.69336454,-0.7039621,-0.7340308
"86",2,"WALKING",0.28420274,0.013704674,-0.11395407,-0.4186222,-0.2075538,-0.48108057,0.9194876,-0.35116104,0.027523213,-0.94250381,-0.97937709,-0.98968003,0.31319683,-0.15093924,-0.0594674,-0.25325547,-0.20452321,-0.61917017,0.001944971,-0.15024531,0.10358237,-0.64040169,-0.56989868,-0.4718244,-0.28411158,0.011117987,-0.205848,-0.57353951,-0.73273936,-0.51453727,-0.32871571,-0.47067775,-0.32871571,-0.47067775,-0.32261213,-0.24570533,-0.49858237,-0.64260285,-0.63859884,-0.72779504,-0.30467327,-0.1379046,-0.5127235,-0.47013473,-0.29800695,-0.50408601,-0.26733094,-0.20432695,-0.58220723,-0.3055849,-0.26276469,-0.6541855,-0.54430023,-0.60920893,-0.42813115,-0.67084831,-0.55024786,-0.5351736,-0.40946333,-0.59051964,-0.24975952,-0.24489991,-0.62986279,-0.71571945,-0.70611184,-0.77878905
"87",2,"WALKING",0.35782982,-0.013519015,-0.13127164,-0.45242107,-0.14979588,-0.4016534,0.91756393,-0.34765802,0.024733323,-0.95464413,-0.96741121,-0.97722989,0.16704118,-0.24945903,-0.020395044,-0.2847004,-0.16623011,-0.60075293,-0.024701871,-0.088432858,0.027595983,-0.6313242,-0.60777646,-0.44940472,-0.20907605,0.12125075,-0.26617905,-0.49606895,-0.74898392,-0.49299075,-0.32195911,-0.45233848,-0.32195911,-0.45233848,-0.31568134,-0.26600811,-0.50785098,-0.64421091,-0.62051582,-0.71246138,-0.36054488,-0.12004377,-0.4438267,-0.49312776,-0.21995792,-0.42515506,-0.31005268,-0.21768597,-0.56152229,-0.32155429,-0.16483168,-0.63813171,-0.52139026,-0.62322678,-0.35591629,-0.66623217,-0.6011945,-0.53406777,-0.39103123,-0.57498276,-0.22142307,-0.32986752,-0.61914444,-0.72810446,-0.70525613,-0.74151003
"88",2,"WALKING",0.31870911,-0.037635508,-0.13241984,-0.4857706,-0.11708965,-0.37994246,0.92590036,-0.34119533,0.023588684,-0.98140199,-0.98560203,-0.97813168,-0.067741065,0.15038948,0.063997437,-0.35582645,-0.097607063,-0.591553,-0.048763033,-0.021946278,0.039371294,-0.6190398,-0.56741039,-0.47778854,-0.13998645,0.1645674,0.15146806,-0.46305101,-0.73240746,-0.50864434,-0.33016333,-0.45187902,-0.33016333,-0.45187902,-0.34419414,-0.23879917,-0.49133343,-0.62275863,-0.6188359,-0.66586292,-0.41221457,-0.12880648,-0.46830439,-0.51775313,-0.16647891,-0.38081339,-0.40554849,-0.17327627,-0.56492863,-0.36073905,-0.074049193,-0.61557638,-0.53069719,-0.5832241,-0.38801037,-0.64713557,-0.56087454,-0.55856228,-0.39893103,-0.56893256,-0.25427092,-0.22439083,-0.60227161,-0.70620681,-0.68453632,-0.66545107
"89",2,"WALKING",0.32008469,-0.010838647,-0.12170815,-0.50869464,-0.14424547,-0.42732416,0.92559833,-0.34217954,0.02382803,-0.98668843,-0.98338558,-0.9822987,-0.055432298,0.22394832,0.097897777,-0.39427008,-0.061414146,-0.62784783,-0.071627745,-0.024479138,0.099730883,-0.53605042,-0.55120125,-0.53246446,-0.19454689,0.012047658,0.087138775,-0.49143669,-0.74997414,-0.55600478,-0.36824597,-0.45085553,-0.36824597,-0.45085553,-0.3780273,-0.21220632,-0.45151586,-0.57802274,-0.65155773,-0.67259673,-0.45163763,-0.087528746,-0.5049945,-0.53302637,-0.23064495,-0.4299895,-0.38782903,-0.13526084,-0.5897213,-0.45759119,-0.042235663,-0.66429029,-0.45876351,-0.64387085,-0.47122595,-0.5613983,-0.50548667,-0.59706336,-0.36110946,-0.5937211,-0.2285427,-0.19638613,-0.58803486,-0.6442259,-0.70444777,-0.65647207
"90",2,"WALKING",0.19317016,-0.010586551,-0.088769599,-0.45619042,-0.1118152,-0.42346766,0.92793552,-0.33813924,0.022825926,-0.98636166,-0.96698422,-0.97486463,0.016393755,0.026227941,0.29978247,-0.34987239,-0.076039671,-0.63003224,-0.044221774,-0.051792491,0.12932754,-0.50383089,-0.52628028,-0.46184467,-0.027231494,-0.19651618,-0.046723193,-0.50954259,-0.7445052,-0.51615721,-0.31979196,-0.44368488,-0.31979196,-0.44368488,-0.3472925,-0.22987747,-0.4128306,-0.5369922,-0.64074418,-0.68291115,-0.36972447,-0.063848939,-0.43837557,-0.49425451,-0.19504585,-0.46090703,-0.36320976,-0.14566533,-0.58272251,-0.3941929,-0.060505859,-0.67684678,-0.44945241,-0.59545329,-0.41349341,-0.5232274,-0.49138899,-0.52781663,-0.35143601,-0.58948303,-0.24528912,-0.21574475,-0.54516094,-0.61181519,-0.68637046,-0.70020622
"91",2,"WALKING",0.19471487,-0.020176701,-0.049544661,-0.43733437,-0.096034303,-0.33753382,0.92382126,-0.33812038,0.026442976,-0.96381026,-0.9646543,-0.96493235,0.18390239,-0.14300088,0.045031719,-0.36092551,0.048052778,-0.52993581,-0.039110869,-0.057308636,0.081326825,-0.54639156,-0.51098075,-0.40604902,0.033699583,-0.1979418,-0.015899638,-0.44692444,-0.66872997,-0.42748467,-0.27982595,-0.43738301,-0.27982595,-0.43738301,-0.25896599,-0.23200899,-0.42558988,-0.51384022,-0.57512019,-0.60196087,-0.40884899,-0.040348128,-0.40565497,-0.44888869,-0.18485103,-0.35202995,-0.34225479,-0.02106583,-0.5027247,-0.44254074,0.054832912,-0.5543818,-0.4384902,-0.56002487,-0.41002136,-0.58068986,-0.4863298,-0.45894171,-0.30654153,-0.61477125,-0.26729847,-0.19177754,-0.4969372,-0.61311716,-0.62223748,-0.60369357
"92",2,"WALKING",0.34969095,-0.030496088,-0.10829783,-0.43251962,-0.10645645,-0.33723803,0.91229101,-0.34412649,0.028520145,-0.96068388,-0.97938009,-0.97999042,0.078867192,-0.26266148,-0.22244629,-0.3166973,0.069953279,-0.53228897,-0.05568188,-0.010898277,0.043130317,-0.54464723,-0.5279543,-0.45842506,0.011653941,-0.074294386,-0.19959875,-0.37387191,-0.64931322,-0.43958009,-0.28918183,-0.40656078,-0.28918183,-0.40656078,-0.2352392,-0.20040076,-0.44980786,-0.49562903,-0.54820202,-0.57280162,-0.37344953,0.011915988,-0.3823143,-0.45749965,-0.23432837,-0.36428469,-0.33690219,0.020466783,-0.50166692,-0.35628231,0.052756951,-0.56021554,-0.42307112,-0.54581512,-0.38658692,-0.58320236,-0.52052147,-0.53363756,-0.24512449,-0.61424602,-0.14401349,-0.2833267,-0.45432393,-0.62000951,-0.62587883,-0.53985044
"93",2,"WALKING",0.30870458,-0.024987159,-0.1238269,-0.40927888,-0.16756154,-0.43056196,0.92038307,-0.34381543,0.024102024,-0.93400525,-0.98340516,-0.97467581,-0.125362,0.27516556,-0.096186955,-0.26040101,-0.11073885,-0.60298513,0.0029080244,-0.092166703,0.087446841,-0.57359477,-0.53855626,-0.51395,-0.0957022,-0.13697378,-0.10559906,-0.41089026,-0.69831247,-0.5147838,-0.30398572,-0.45172781,-0.30398572,-0.45172781,-0.29130408,-0.22857044,-0.47728207,-0.53817799,-0.59628528,-0.61774919,-0.33230356,-0.11195536,-0.42931495,-0.44245554,-0.25184502,-0.47736922,-0.31897449,-0.14458399,-0.53090295,-0.26461374,-0.13356352,-0.67948053,-0.46805008,-0.56662232,-0.44098201,-0.60709887,-0.52521323,-0.58482726,-0.34422767,-0.60807077,-0.20373529,-0.26679147,-0.5240966,-0.63075032,-0.65198139,-0.60216826
"94",2,"WALKING",0.21102476,-0.00058166814,-0.096443768,-0.44507331,-0.20747868,-0.47564538,0.93501171,-0.34177046,0.027762863,-0.98483097,-0.98719504,-0.95481318,0.13731322,0.34917101,0.053209195,-0.30989152,-0.19608234,-0.61762581,0.028731767,-0.18024732,0.14961925,-0.61753927,-0.57290178,-0.47151723,-0.13076466,-0.008857976,0.065107825,-0.50290658,-0.74448924,-0.55697225,-0.34035128,-0.50300025,-0.34035128,-0.50300025,-0.35360537,-0.26290785,-0.49195229,-0.59918039,-0.65195212,-0.67490435,-0.39440805,-0.16502753,-0.49349383,-0.46629506,-0.28131606,-0.50709201,-0.35244438,-0.28160476,-0.58797745,-0.32611279,-0.15603069,-0.64491885,-0.51158265,-0.62283845,-0.42512817,-0.65114061,-0.54767497,-0.53588309,-0.40227928,-0.64768601,-0.29249121,-0.23021849,-0.57443708,-0.6905296,-0.67042027,-0.70343437
"95",2,"WALKING",0.29771925,-0.020939986,-0.11438786,-0.42328085,-0.1925867,-0.4015868,0.92339513,-0.34763121,0.013877152,-0.95274418,-0.91931862,-0.96712389,-0.053633405,-0.33069396,-0.14453454,-0.33852253,-0.30545587,-0.6351714,-0.3535482,0.26558316,0.047404204,-0.5947993,-0.54198386,-0.56158443,-0.11776852,-0.17224793,-0.2558424,-0.5344613,-0.77160684,-0.59569421,-0.30975798,-0.47690441,-0.30975798,-0.47690441,-0.39321429,-0.33623732,-0.3831065,-0.50389296,-0.67390552,-0.7187459,-0.36196408,-0.13368011,-0.47028164,-0.44924497,-0.27728094,-0.41080167,-0.38417885,-0.3084642,-0.60352071,-0.34905589,-0.35223605,-0.66467672,-0.49541493,-0.63777618,-0.48857675,-0.62635145,-0.49478555,-0.62838612,-0.42462429,-0.58980347,-0.31437314,-0.36926597,-0.55686219,-0.55265428,-0.70741343,-0.75408305
"96",2,"WALKING",0.33314426,-0.043446917,-0.12619938,-0.36324256,-0.096308953,-0.39038358,0.91703645,-0.35292961,0.015072697,-0.96241083,-0.9376576,-0.97050983,-0.18236577,-0.079360004,-0.054295248,-0.18188586,-0.16592505,-0.58008748,-0.2063597,0.087841036,0.03570985,-0.59927987,-0.53042276,-0.50830233,-0.10070225,0.095434841,0.029082868,-0.52796941,-0.74028985,-0.54905781,-0.23978012,-0.44172461,-0.23978012,-0.44172461,-0.25024404,-0.22303219,-0.43113771,-0.6167634,-0.64019744,-0.71600554,-0.30127243,-0.03733255,-0.41847418,-0.38931155,-0.18707856,-0.42281597,-0.29064433,-0.19434394,-0.54070684,-0.14493051,-0.1913441,-0.61745331,-0.5324393,-0.57538577,-0.46104313,-0.62118859,-0.50788033,-0.56971418,-0.33592377,-0.59832529,-0.26976995,-0.17216846,-0.64604197,-0.66213719,-0.72537869,-0.72313066
"97",2,"WALKING",0.22981714,-0.0026481752,-0.082070626,-0.36385083,-0.084507907,-0.4022629,0.91511272,-0.35755328,0.020471249,-0.97895151,-0.97778697,-0.97511921,0.17030046,0.37307783,0.23890038,-0.22790483,-0.16101196,-0.58382785,-0.10918895,0.01436334,0.1152772,-0.55526814,-0.50746919,-0.49685308,-0.10536905,0.042896398,0.13255358,-0.50312014,-0.72512204,-0.51594059,-0.23019556,-0.49046433,-0.23019556,-0.49046433,-0.26629944,-0.26654742,-0.4306258,-0.56461572,-0.62021606,-0.69499883,-0.30074479,-0.054164977,-0.42306014,-0.39045269,-0.15914721,-0.43797443,-0.26368697,-0.194374,-0.5518004,-0.2585656,-0.1808887,-0.61341654,-0.46028418,-0.59025668,-0.4122885,-0.58563016,-0.46598435,-0.57386359,-0.37143485,-0.65181305,-0.26713659,-0.26911688,-0.58004834,-0.62901901,-0.69694706,-0.7128151
"98",2,"WALKING",0.23748279,0.0021969913,-0.048945315,-0.41352818,-0.16717209,-0.41275989,0.91791373,-0.34883514,0.02936331,-0.98999824,-0.96885053,-0.94916322,0.46171601,-0.20414815,0.0091505425,-0.38373187,-0.20361176,-0.58397619,-0.029034383,-0.096515383,0.12606256,-0.56005653,-0.5359693,-0.54770945,0.15615696,-0.11219139,0.034328779,-0.49375107,-0.7253502,-0.53086161,-0.28585082,-0.51915064,-0.28585082,-0.51915064,-0.3519543,-0.36888073,-0.4708807,-0.5542548,-0.62641067,-0.67927808,-0.33452523,-0.136345,-0.44387699,-0.44765315,-0.23687439,-0.4416188,-0.40868381,-0.2131414,-0.54135687,-0.41205704,-0.24949892,-0.62488227,-0.44394378,-0.59481572,-0.47033696,-0.59685863,-0.50622863,-0.61751406,-0.42808333,-0.65393685,-0.36371416,-0.37863955,-0.57534385,-0.61629345,-0.68940237,-0.68587802
"99",2,"WALKING",0.33150518,-0.036584496,-0.10886677,-0.4146128,-0.16049444,-0.4266315,0.91867588,-0.34407411,0.034632273,-0.9873086,-0.98318893,-0.97261154,0.059344519,-0.27245612,-0.20627532,-0.28459729,-0.11452936,-0.63011412,2.423013e-05,-0.10164556,0.10003189,-0.61644788,-0.56083872,-0.55276038,0.072588187,-0.1004707,-0.088360509,-0.48395527,-0.72686447,-0.56505144,-0.30705654,-0.43908817,-0.30705654,-0.43908817,-0.30254147,-0.26768952,-0.51198361,-0.59285328,-0.62875518,-0.68648643,-0.36039245,-0.082910054,-0.47804254,-0.43735312,-0.25869871,-0.44304164,-0.31098639,-0.14849692,-0.62394855,-0.32031652,-0.13694236,-0.63428674,-0.48173094,-0.61578338,-0.51704341,-0.65963895,-0.53306837,-0.60591813,-0.373438,-0.56668953,-0.26185914,-0.28007665,-0.58800118,-0.66812492,-0.67872003,-0.71498275
"100",2,"WALKING",0.26663115,-0.043309471,-0.14096216,-0.43377813,-0.10164616,-0.41532479,0.91969806,-0.34874928,0.028757953,-0.98991992,-0.97481912,-0.9608673,-0.19033716,0.27546072,-0.13423855,-0.30064632,-0.0098805129,-0.63386282,0.021095918,-0.11254143,0.079617546,-0.58459495,-0.54368081,-0.51378667,-0.10356989,-0.18684293,-0.18092303,-0.43683971,-0.74146345,-0.55914868,-0.30676319,-0.41030391,-0.30676319,-0.41030391,-0.3097675,-0.17049626,-0.47539664,-0.57702005,-0.62167293,-0.67550403,-0.33518233,-0.032724024,-0.46001158,-0.47764545,-0.19812091,-0.43631179,-0.31899823,-0.086809456,-0.58032903,-0.343801,0.009338323,-0.68806549,-0.49069108,-0.56881329,-0.44929404,-0.61450517,-0.53195591,-0.58130661,-0.35651805,-0.53424141,-0.16911669,-0.17794,-0.57958118,-0.64919079,-0.65130723,-0.73340191
